ggiafipgeeaaahnjamgpjcgkdpanhddg, https://chromewebstore.google.com/detail/sync-watch/ggiafipgeeaaahnjamgpjcgkdpanhddg,,github.com/Semro/syncwatch
kijgnjhogkjodpakfmhgleobifempckf, https://chromewebstore.google.com/detail/random-youtube-video/kijgnjhogkjodpakfmhgleobifempckf,,github.com/sponsors/NikkelM
mkbkebdegldokaipfgficlleheeejfjg, https://chromewebstore.google.com/detail/strava-bulk-edit/mkbkebdegldokaipfgficlleheeejfjg,,github.com/MGHollander/strava-bulk-edit).
mgmdkjcljneegjfajchedjpdhbadklcf, https://chromewebstore.google.com/detail/anime-skip-player/mgmdkjcljneegjfajchedjpdhbadklcf,,github.com/anime-skip/web-extension
jaebeaoffbboingfjbdkgbnnfdkjilld, https://chromewebstore.google.com/detail/twitch-right-now-stream-n/jaebeaoffbboingfjbdkgbnnfdkjilld,,github.com/Klemms/TwitchRightNow
gfakmgbbohbahikekdlhjoobnhgmdchn, https://chromewebstore.google.com/detail/movie-meter/gfakmgbbohbahikekdlhjoobnhgmdchn,,github.com/fastaddons/MovieMeter/blob/master/PRIVACY_POLICY.md
lcdinflfffodmodbkhaijglgjpeefodo, https://chromewebstore.google.com/detail/myshows-tv-show-tracker/lcdinflfffodmodbkhaijglgjpeefodo,,github.com/flytaly/myshows-tracker
khjnemehcblfobbhkhlmjjeionfabgab, https://chromewebstore.google.com/detail/twitch-in-twitch/khjnemehcblfobbhkhlmjjeionfabgab,,github.com/fuzzysound/twitch-in-twitch
piidlenoacbeeecjfdkjcgcienfgnkjn, https://chromewebstore.google.com/detail/music-of-minecraft/piidlenoacbeeecjfdkjcgcienfgnkjn,,github.com/zsmith3/Music-of-Minecraft-Chrome-Extension
eiaekjobfimlijhpggbbkhoihlchdhdl, https://chromewebstore.google.com/detail/zwiftmap-for-strava/eiaekjobfimlijhpggbbkhoihlchdhdl,,github.com/andipaetzold/zwiftmap
dfddfiedihbijfeacjamchlliogmjjnd, https://chromewebstore.google.com/detail/miniplay/dfddfiedihbijfeacjamchlliogmjjnd,,github.com/iambald/MiniPlay)
gpghflbiabfangjnelpihcokfmanppgi, https://chromewebstore.google.com/detail/scoresaber-easy-installer/gpghflbiabfangjnelpihcokfmanppgi,,github.com/Cobular/ScoreSaverExtention/issues
janhkcfgfnafdebdmlbnhopmnoiepmpc, https://chromewebstore.google.com/detail/youtube-ad-auto-skip/janhkcfgfnafdebdmlbnhopmnoiepmpc,,github.com/ZionDevelopers/youtube-ad-auto-skip
kmencimfjfllkmgngaolamlehdkngpgj, https://chromewebstore.google.com/detail/fantrax-baseball-live-fee/kmencimfjfllkmgngaolamlehdkngpgj,,github.com/Dadamsmeade/Fantrax-Baseball-Live-Feed-Highlights
bfafldbloncllehfiaflmmjhohiobfmo, https://chromewebstore.google.com/detail/cstimer+/bfafldbloncllehfiaflmmjhohiobfmo,,github.com/cstimerplus/translate
cemmjndpjenafbjmafgjcpdnfafbkhee, https://chromewebstore.google.com/detail/%EC%B9%98%EC%A6%88-%EB%82%98%EC%9A%B0-%EC%B9%98%EC%A7%80%EC%A7%81-%EB%8F%84%EC%9A%B0%EB%AF%B8/cemmjndpjenafbjmafgjcpdnfafbkhee,,github.com/jebibot/cheese-now
folhiecfhnmdniibjjcfogpdoafdamoc, https://chromewebstore.google.com/detail/gcw-and-strava-kudo-all/folhiecfhnmdniibjjcfogpdoafdamoc,,github.com/tciles/kudo-all)
nofjpbibnnkinmfndoknlbkchbecgbkb, https://chromewebstore.google.com/detail/odds-to-probability-text/nofjpbibnnkinmfndoknlbkchbecgbkb,,github.com/danielchines/odds-converter-extension
nfkfgkkhgglkgnlppncolmpekidapkjh, https://chromewebstore.google.com/detail/%EC%B9%98%EC%A6%88-%EB%82%98%EC%9D%B4%ED%94%84-%EC%B9%98%EC%A7%80%EC%A7%81-%EB%8F%84%EA%B5%AC-%EB%AA%A8%EC%9D%8C/nfkfgkkhgglkgnlppncolmpekidapkjh,,github.com/jebibot/cheese-knife
lodjfjlkodalimdjgncejhkadjhacgki, https://chromewebstore.google.com/detail/improve-youtube-test/lodjfjlkodalimdjgncejhkadjhacgki,,github.com/Code4Charity/Youtube-Extension
cdnlfphfngnfhjcnoikfhaomaaflaiie, https://chromewebstore.google.com/detail/video-maximizer/cdnlfphfngnfhjcnoikfhaomaaflaiie,,github.com/trophygeek/universalvideomaximizer
ofhohcappnjhojpboeamfijglinngdnb, https://chromewebstore.google.com/detail/music-visualizer-for-yout/ofhohcappnjhojpboeamfijglinngdnb,,github.com/GreysonFlippo1/MusicVisualizer
bilbbbdgdimchenccmooakpfomfajepd, https://chromewebstore.google.com/detail/stratistix-with-arpee-sco/bilbbbdgdimchenccmooakpfomfajepd,,github.com/KamensekD/StraTistiX)!
akaimhgappllmlkadblbdknhbfghdgle, https://chromewebstore.google.com/detail/streaming-enhanced-netfli/akaimhgappllmlkadblbdknhbfghdgle,,github.com/Dreamlinerm/Netflix-Prime-Auto-Skip)
bgfiegdbajagebogifobkhambpljbfmk, https://chromewebstore.google.com/detail/themesong-for-youtube-mus/bgfiegdbajagebogifobkhambpljbfmk,,github.com/KristofferTroncoso/ThemeSong)
bndmmpkkilmcaoddlicjenjffkihmmle, https://chromewebstore.google.com/detail/f1-tv-playback-controls/bndmmpkkilmcaoddlicjenjffkihmmle,,github.com/outlandnish/ext-f1-tv
ckbnikemebopgknkpgjlkbffpkkhblbe, https://chromewebstore.google.com/detail/auto-youtube-shorts-scrol/ckbnikemebopgknkpgjlkbffpkkhblbe,,github.com/Tyson3101/Auto-Youtube-Shorts-Scroller
pghfoglbgdeknkjcmilhkidfdkgenfdi, https://chromewebstore.google.com/detail/fantasylink/pghfoglbgdeknkjcmilhkidfdkgenfdi,,github.com/sglantz/FantasyLink.
oeadnodbjplclhibppgkkijomgcgochf, https://chromewebstore.google.com/detail/niconico-peppermint+/oeadnodbjplclhibppgkkijomgcgochf,,github.com/castella-cake/niconico-peppermint-extension
ahcblhpcealjpkmndgmkdnebbjakicno, https://chromewebstore.google.com/detail/lm-note-generator-for-esp/ahcblhpcealjpkmndgmkdnebbjakicno,,github.com/jpmayer/fantasy-chrome-extension/wiki
lcabedmhpejejhpjdfehcojabbdfihci, https://chromewebstore.google.com/detail/soccer-streamlined/lcabedmhpejejhpjdfehcojabbdfihci,,github.com/davidtimovski/soccer-streamlined
ofhffkmglkibpkgcfhbgajghlkgplafe, https://chromewebstore.google.com/detail/ncoverlay/ofhffkmglkibpkgcfhbgajghlkgplafe,,github.com/Midra429/NCOverlay
jocjhkklfiaojhhnjiejmimlohaemiep, https://chromewebstore.google.com/detail/d-anime-comments-viewer/jocjhkklfiaojhhnjiejmimlohaemiep,,github.com/sopisoft/d-comments>
nlmopkefkemlpdpfkgllbeifljhkfeno, https://chromewebstore.google.com/detail/better-challonge-results/nlmopkefkemlpdpfkgllbeifljhkfeno,,github.com/kleutzinger/better-challonge)
jkelaffnfnkacniggckfieeckchomdgf, https://chromewebstore.google.com/detail/xc-ski-strava/jkelaffnfnkacniggckfieeckchomdgf,,github.com/RomanKovalev/XC-Ski-Strava
cbacnmeibpjjloadmiednkfdhbejfeha, https://chromewebstore.google.com/detail/rbkweb-ultimate-survival/cbacnmeibpjjloadmiednkfdhbejfeha,,github.com/RosenborgSupporterSoftware/RUSK
odjlgdgkahiehepabfdddaapbdficekj, https://chromewebstore.google.com/detail/pandora-media-session-sup/odjlgdgkahiehepabfdddaapbdficekj,,github.com/snaphat/pandora_media_session
pmiafnfifdfhlneedbngapklmfgicpnm, https://chromewebstore.google.com/detail/nitrogen-usd-ifier/pmiafnfifdfhlneedbngapklmfgicpnm,,github.com/nkov/nitrogen-usdifier
