piajkpdbaniagacofgklljacgjhefjeh, https://chromewebstore.google.com/detail/advanced-profanity-filter/piajkpdbaniagacofgklljacgjhefjeh,,github.com/FrostCo/AdvancedProfanityFilter/wiki
kmgagnlkckiamnenbpigfaljmanlbbhh, https://chromewebstore.google.com/detail/nsfw-filter/kmgagnlkckiamnenbpigfaljmanlbbhh,,github.com/nsfw-filter/nsfw-filter
cipfemdibanodhkdnbijhladjcchhhnh, https://chromewebstore.google.com/detail/timeoware/cipfemdibanodhkdnbijhladjcchhhnh,,github.com/timeoware/chrome-extension
fnfchnplgejcfmphhboehhlpcjnjkomp, https://chromewebstore.google.com/detail/porno-porn-blocker-beta/fnfchnplgejcfmphhboehhlpcjnjkomp,,github.com/mrvivacious/PorNo-_Porn_Blocker
bbgijohahnomapldaekoockmiilhgfdp, https://chromewebstore.google.com/detail/nerblock/bbgijohahnomapldaekoockmiilhgfdp,,github.com/444hsz/444hsz-nerblock
ckplbiibhpgbgmkkompjadpjhojkbail, https://chromewebstore.google.com/detail/social-habit-disruption/ckplbiibhpgbgmkkompjadpjhojkbail,,github.com/maxkirchoff/social-habit-disruption
gnemoflnihonmkiacnagnbnlppkamfgo, https://chromewebstore.google.com/detail/word-replacer-max/gnemoflnihonmkiacnagnbnlppkamfgo,,github.com/dan-lovelace/word-replacer-max
jfcbofnokfcoaodbahconodnnkkmjokg, https://chromewebstore.google.com/detail/zwift-zwo-download-for-tr/jfcbofnokfcoaodbahconodnnkkmjokg,,github.com/jsmattsonjr/trzwo.
acmgddmnclfkbcfnnlofehognpechkpa, https://chromewebstore.google.com/detail/reddit-habit/acmgddmnclfkbcfnnlofehognpechkpa,,github.com/DoubleT136/Reddit-Habit
pbcoegikffnadpahojjhgdladmmddeji, https://chromewebstore.google.com/detail/haramblur/pbcoegikffnadpahojjhgdladmmddeji,,github.com/alganzory/HaramBlur
ecmbjjghcphgnpalajeabaedhfkpghdn, https://chromewebstore.google.com/detail/grid-view-for-github/ecmbjjghcphgnpalajeabaedhfkpghdn,,github.com/sapondanaisriwan/github-grid-view
opbckjpgnijalnbanlpgaolmegdmajob, https://chromewebstore.google.com/detail/lilimit/opbckjpgnijalnbanlpgaolmegdmajob,,github.com/jonis100/LiLimit
nnmclajnmfllollhiibmdgippgjjebei, https://chromewebstore.google.com/detail/burschiban/nnmclajnmfllollhiibmdgippgjjebei,,github.com/johanneslo1/burschiban-chrome-extension
edebgnaafidhaiepkjknfmdonoagkjhe, https://chromewebstore.google.com/detail/filter-jobs-feeds/edebgnaafidhaiepkjknfmdonoagkjhe,,github.com/EvAvKein/FilterJobsFeeds/issues/new
