cnpniohnfphhjihaiiggeabnkjhpaldj, https://chromewebstore.google.com/detail/image-downloader/cnpniohnfphhjihaiiggeabnkjhpaldj,,github.com/PactInteractive/image-downloader/issues/23
acjecbgflnhmeldadcbblhfdimhifpki, https://chromewebstore.google.com/detail/custom-calendar-backgroun/acjecbgflnhmeldadcbblhfdimhifpki,,github.com/padster/CalendarThemeExtension/issues
obknigmaekkacdkckfeegcfiefdaeked, https://chromewebstore.google.com/detail/album/obknigmaekkacdkckfeegcfiefdaeked,,github.com/projectestac/album.
mbdicaikmgcmncjomjpmmepdmnpplccc, https://chromewebstore.google.com/detail/png-optimizer/mbdicaikmgcmncjomjpmmepdmnpplccc,,github.com/LI-NA/optipng.js/blob/master/demo/js/optipng.js
kfokfhaepfjlmbfnmjgiolodammikojh, https://chromewebstore.google.com/detail/photo-of-the-day-clock/kfokfhaepfjlmbfnmjgiolodammikojh,,github.com/kemunpus/PotdClock>
cdekfpofkjielpappfkdabnljlpmhgbj, https://chromewebstore.google.com/detail/splash/cdekfpofkjielpappfkdabnljlpmhgbj,,github.com/FXZFun/splash/blob/main/PRIVACY.md
ljldehojcnejofjegfaelnelacpghgag, https://chromewebstore.google.com/detail/apollo-poly-notes/ljldehojcnejofjegfaelnelacpghgag,,github.com/Hellohi3654/Apollo-Poly-Notes
nnffbdeachhbpfapjklmpnmjcgamcdmm, https://chromewebstore.google.com/detail/download-all-images/nnffbdeachhbpfapjklmpnmjcgamcdmm,,github.com/belaviyo/save-images/issues
jfkjbfhcfaoldhgbnkekkoheganchiea, https://chromewebstore.google.com/detail/image-downloader-continue/jfkjbfhcfaoldhgbnkekkoheganchiea,,github.com/kisdma/image-downloader-cnt
iapjjopjejpelnfdonefbffahmcndfbm, https://chromewebstore.google.com/detail/dezoomify/iapjjopjejpelnfdonefbffahmcndfbm,,github.com/lovasoa/dezoomify
llcpfkbjgkpmapiidpnohffjmmnhpmpb, https://chromewebstore.google.com/detail/betterviewer/llcpfkbjgkpmapiidpnohffjmmnhpmpb,,github.com/Ademking/BetterViewer
blfpdedbdighagggfhgihcocfheicfjk, https://chromewebstore.google.com/detail/behind/blfpdedbdighagggfhgihcocfheicfjk,,github.com/kubuzetto/behind
gmlpefcldkdncjphjmojnakmphpcjemm, https://chromewebstore.google.com/detail/image-upscaler/gmlpefcldkdncjphjmojnakmphpcjemm,,github.com/thekevinscott/UpscalerJS)
kgpbgdfipipofehbijeiihelbfenieic, https://chromewebstore.google.com/detail/wallhaven-extender/kgpbgdfipipofehbijeiihelbfenieic,,github.com/RempRemp/WallhavenExtender
bechhfglhcdjmemhkmincgemjgcbeifa, https://chromewebstore.google.com/detail/nasa-astronomy-picture-of/bechhfglhcdjmemhkmincgemjgcbeifa,,github.com/rhystmills/nasa-apod-extension
kgehbpolkgdnncpgdnoelhbghpdicanl, https://chromewebstore.google.com/detail/text-to-image/kgehbpolkgdnncpgdnoelhbghpdicanl,,github.com/niklasvh/html2canvas)
bilpfoldmicnjhdopaebihhiddkcickp, https://chromewebstore.google.com/detail/easy-blur/bilpfoldmicnjhdopaebihhiddkcickp,,github.com/vivek-nexus/easy-blur
lianhpbcenefikhbnkbdgjfghpgdfffn, https://chromewebstore.google.com/detail/media-carousel/lianhpbcenefikhbnkbdgjfghpgdfffn,,github.com/blaise-io/media-carousel/
mggclgefcmlpigdbcpfheklbhflnknkf, https://chromewebstore.google.com/detail/wallhaven-direct-download/mggclgefcmlpigdbcpfheklbhflnknkf,,github.com/eramdam/WallbaseDirectDownloader
ngdfnokoifnihnknoibnbhfhnkmlfocb, https://chromewebstore.google.com/detail/ig+vsco-fullsize/ngdfnokoifnihnknoibnbhfhnkmlfocb,,github.com/Ondkloss/ig-vsco-fullsize
bkhdlfmkaenamnlbpdfplekldlnghchp, https://chromewebstore.google.com/detail/jpeg-xl-viewer/bkhdlfmkaenamnlbpdfplekldlnghchp,,github.com/zamfofex/jxl-crx
lejfohapodmjalgbmckfhicibabbbggl, https://chromewebstore.google.com/detail/nexus-mod-image-downloade/lejfohapodmjalgbmckfhicibabbbggl,,github.com/lazytwinkletoes/nexus-mod-image-downloader
ppidlhfhfjafihcnbahjonnoijhiembh, https://chromewebstore.google.com/detail/better-image-preview/ppidlhfhfjafihcnbahjonnoijhiembh,,github.com/symonxdd/better-image-preview.
ollneaflfdbmjhadhfbdghlmmheenoii, https://chromewebstore.google.com/detail/bitsjourney-retro-game-gr/ollneaflfdbmjhadhfbdghlmmheenoii,,github.com/qhapaq-49/bitsjourney/tree/master/manuals/chrome
dkndmhgdcmjdmkdonmbgjpijejdcilfh, https://chromewebstore.google.com/detail/powerful-pixiv-downloader/dkndmhgdcmjdmkdonmbgjpijejdcilfh,,github.com/xuejianxianzun/PixivBatchDownloader
kblljkbkmfdfpplafkpmcapjhhboolfp, https://chromewebstore.google.com/detail/hover-zoom-gold/kblljkbkmfdfpplafkpmcapjhhboolfp,,github.com/superlime/HoverZoomGold
aecmckhhfknljgicfkpbinfkpnijehcm, https://chromewebstore.google.com/detail/animated-gif-capture/aecmckhhfknljgicfkpbinfkpnijehcm,,github.com/demouth/AnimatedGifCapture
hpijlfldendkjfhdaebnbglbiajhempp, https://chromewebstore.google.com/detail/fast-boo-slideshow/hpijlfldendkjfhdaebnbglbiajhempp,,github.com/nowycondro/facebook-photo-slideshow/commit/8015d6d18cd4001bdcef2b094d492fc856a62123
hinoflbjclgnnaccbpbenmjomjmiafmc, https://chromewebstore.google.com/detail/enhanced-image-viewer/hinoflbjclgnnaccbpbenmjomjmiafmc,,github.com/sblask/webextension-enhanced-image-viewer
jhbapkbempcealhabaeicidlgbmhafmk, https://chromewebstore.google.com/detail/instagram-downloader/jhbapkbempcealhabaeicidlgbmhafmk,,github.com/cjkumaresh/instagram-downloader-chrome
oicdglafmanoljpbijobnacdgdknhjdg, https://chromewebstore.google.com/detail/flickr-universal-header-r/oicdglafmanoljpbijobnacdgdknhjdg,,github.com/bertrandom/flickr-universal-header-remover
hhmmkooabfefibpnhfbblbajfccfoilp, https://chromewebstore.google.com/detail/down-all-images/hhmmkooabfefibpnhfbblbajfccfoilp,,github.com/Rookev/ImageDownloader
midohckdddplmkihkkdaacbjpmgkjbhk, https://chromewebstore.google.com/detail/pixiv-tool/midohckdddplmkihkkdaacbjpmgkjbhk,,github.com/chengyuhui/PixivTool/releases
aadbfahejpbhdndmnfkimgfilobdbnfo, https://chromewebstore.google.com/detail/enlarge-profile-image-for/aadbfahejpbhdndmnfkimgfilobdbnfo,,github.com/eladnava/enlarge-profile-image-for-youtube
acfgpmagealjmbmhobbldfkhbcfnkhpd, https://chromewebstore.google.com/detail/earthtab/acfgpmagealjmbmhobbldfkhbcfnkhpd,,github.com/himynameisdave/EarthTab
abambkogbhddhefbhkplnfdhlkepfcfc, https://chromewebstore.google.com/detail/save-to-google-photos-re/abambkogbhddhefbhkplnfdhlkepfcfc,,github.com/SaveToGooglePhotos/SaveToGooglePhotos/blob/main/README.md
cklcbmdhngbbedacjmlleeilnkkgcngp, https://chromewebstore.google.com/detail/loupe-flickr-explore/cklcbmdhngbbedacjmlleeilnkkgcngp,,github.com/michaeljkchoi/loupe).
igaopnngccagbhclcohemceikfoeeaco, https://chromewebstore.google.com/detail/itsosticky-screen-capture/igaopnngccagbhclcohemceikfoeeaco,,github.com/itsosticky/itso_capture
mjgkcdcikkpendiikknkdhanooeiohee, https://chromewebstore.google.com/detail/outdoor-inspiration/mjgkcdcikkpendiikknkdhanooeiohee,,github.com/luisaugusto/outdoor-inspiration.
