olmgpgbhojeoalaimckcpgkadjkejacl, https://chromewebstore.google.com/detail/google-meet-attendees-bre/olmgpgbhojeoalaimckcpgkadjkejacl,,github.com/C4illin/Google-Meet-Attendees
gcbbaikjfjmidabapdnebofcmconhdbn, https://chromewebstore.google.com/detail/chromegle-omegle-ip-clien/gcbbaikjfjmidabapdnebofcmconhdbn,,github.com/ChromegleApp/Chromegle2
cknklikacoaeledfaldmhabmldkldocj, https://chromewebstore.google.com/detail/calm-twitter/cknklikacoaeledfaldmhabmldkldocj,,github.com/yusukesaitoh/calm-twitter
kekjfbackdeiabghhcdklcdoekaanoel, https://chromewebstore.google.com/detail/mal-sync/kekjfbackdeiabghhcdklcdoekaanoel,,github.com/MALSync/MALSync#mal-sync
dbojkfdnamfipdnlknbpjphemjnldeoo, https://chromewebstore.google.com/detail/twitch-radio-mode/dbojkfdnamfipdnlknbpjphemjnldeoo,,github.com/c-rainbow/twitch-audio-web
oklfoejikkmejobodofaimigojomlfim, https://chromewebstore.google.com/detail/shut-up-comment-blocker/oklfoejikkmejobodofaimigojomlfim,,github.com/panicsteve/shutup-css
pmcmeagblkinmogikoikkdjiligflglb, https://chromewebstore.google.com/detail/privacy-redirect/pmcmeagblkinmogikoikkdjiligflglb,,github.com/zedeus/nitter
melnbpmfhaejmcpfflfjmchondkpmkcj, https://chromewebstore.google.com/detail/likers-blocker/melnbpmfhaejmcpfflfjmchondkpmkcj,,github.com/dmstern/likers-blocker/releases
pdehepohihkkmeclfnlnipieffkomajc, https://chromewebstore.google.com/detail/better-medium-stats/pdehepohihkkmeclfnlnipieffkomajc,,github.com/HcwXd/better-medium-stats
jbcdpeekakanklckgooknpbonojhjncm, https://chromewebstore.google.com/detail/find-on-reddit/jbcdpeekakanklckgooknpbonojhjncm,,github.com/AdeelH/find-on-reddit
hoolgoecmeegpbidbbcefgkjegdejibd, https://chromewebstore.google.com/detail/reddit-post-notifier/hoolgoecmeegpbidbbcefgkjegdejibd,,github.com/flytaly/reddit-post-notifier/issues
hcoigoaekhfajcoingnngmfjdidhmdon, https://chromewebstore.google.com/detail/whalevault/hcoigoaekhfajcoingnngmfjdidhmdon,,github.com/alexpmorris/whalevault
jgpfnkhpecliocnopchaoogpmnejlghn, https://chromewebstore.google.com/detail/twitter-real-verified/jgpfnkhpecliocnopchaoogpmnejlghn,,github.com/travisbrown/b50d6745298cccd6b1f4697e4ec22103
fklnkmnlobkpoiifnbnemdpamheoanpj, https://chromewebstore.google.com/detail/project-verses-from-bible/fklnkmnlobkpoiifnbnemdpamheoanpj,,github.com/nmatei/chrome-bible-utilities
cnjhjnjbpedipoamajojlbfakbadgiam, https://chromewebstore.google.com/detail/hide-ratings-imdbgoodread/cnjhjnjbpedipoamajojlbfakbadgiam,,github.com/ganigeorgiev/hide-ratings-extension
fhodoilamkcbaconfnnagmiblgngebef, https://chromewebstore.google.com/detail/letterboxd-text-formatter/fhodoilamkcbaconfnnagmiblgngebef,,github.com/SAMPPLUS/letterboxd-review-formatter
ahepaemleacieeongldddhambknoomof, https://chromewebstore.google.com/detail/medium-any-author-stats/ahepaemleacieeongldddhambknoomof,,github.com/BSalwiczek/medium-any-author-stats
jjjcmnhhhhoemaehhbhipcoammldhjip, https://chromewebstore.google.com/detail/2-cool-4-you/jjjcmnhhhhoemaehhbhipcoammldhjip,,github.com/yungfred/2-cool-4-you
eimkgmfilcglddegppaaebjpglpchgne, https://chromewebstore.google.com/detail/leetparty/eimkgmfilcglddegppaaebjpglpchgne,,github.com/JasonLeviGoodison?tab=repositories
fodacnnlggakjhanpmjacokgpngeeabi, https://chromewebstore.google.com/detail/silver-magpie/fodacnnlggakjhanpmjacokgpngeeabi,,github.com/lazamar/silver-magpie
npbmhogimiolmklafhlpbifkjinoadkh, https://chromewebstore.google.com/detail/threads-for-youtube/npbmhogimiolmklafhlpbifkjinoadkh,,github.com/a-bravo/threads-for-youtube).
gmdcgijknjodfhggamchhhejamncbgmc, https://chromewebstore.google.com/detail/sir-image-renamer/gmdcgijknjodfhggamchhhejamncbgmc,,github.com/Brawlence/SIR#description
agjnjboanicjcpenljmaaigopkgdnihi, https://chromewebstore.google.com/detail/premid/agjnjboanicjcpenljmaaigopkgdnihi,,github.com/PreMiD
fbpmaadfebbedknhmeeijeicldjlegee, https://chromewebstore.google.com/detail/hangouts-notifications/fbpmaadfebbedknhmeeijeicldjlegee,,github.com/NicoSantangelo/hangouts-chrome-notifications
oefddkjnflmjbclpnnoegglmmdfkidip, https://chromewebstore.google.com/detail/tumblr-savior/oefddkjnflmjbclpnnoegglmmdfkidip,,github.com/bjornstar/Tumblr-Savior/releases
jgejdcdoeeabklepnkdbglgccjpdgpmf, https://chromewebstore.google.com/detail/old-twitter-layout-2024/jgejdcdoeeabklepnkdbglgccjpdgpmf,,github.com/dimdenGD/OldTwitter
gcmghdmnkfdbncmnmlkkglmnnhagajbm, https://chromewebstore.google.com/detail/create-link/gcmghdmnkfdbncmnmlkkglmnnhagajbm,,github.com/ku/CreateLink
bpaoeijjlplfjbagceilcgbkcdjbomjd, https://chromewebstore.google.com/detail/ttv-lol-pro/bpaoeijjlplfjbagceilcgbkcdjbomjd,,github.com/younesaassila)
jgpjphkbfjhlbajmmcoknjjppoamhpmm, https://chromewebstore.google.com/detail/blue-blocker/jgpjphkbfjhlbajmmcoknjjppoamhpmm,,github.com/kheina-com/Blue-Blocker
gjfljooinclelkhmgegielehekdbmigm, https://chromewebstore.google.com/detail/web-translate/gjfljooinclelkhmgegielehekdbmigm,,github.com/fastaddons/WebTranslate/blob/master/PRIVACY_POLICY.md
amlfbbehleledmbphnielafhieceggal, https://chromewebstore.google.com/detail/comet-reddit-comments-on/amlfbbehleledmbphnielafhieceggal,,github.com/z0ccc/comet
pjnopimdnmhiaanhjfficogijajbhjnc, https://chromewebstore.google.com/detail/ttv-aderaser/pjnopimdnmhiaanhjfficogijajbhjnc,,github.com/LeonHeidelbach/ttv_adEraser.
ckfodameiahfhlainaclajkgfagkpodb, https://chromewebstore.google.com/detail/owo/ckfodameiahfhlainaclajkgfagkpodb,,github.com/kokororin/OwO
jnomnfoenpdinfkpaaigokicgcfkomjo, https://chromewebstore.google.com/detail/medium-enhanced-stats/jnomnfoenpdinfkpaaigokicgcfkomjo,,github.com/tomastrajan/medium-enhanced-stats
gchmppebfedehcmemdmhojamlnanmafn, https://chromewebstore.google.com/detail/seen-blocker/gchmppebfedehcmemdmhojamlnanmafn,,github.com/MicahNus/Seen-Blocker
lkhmjelfhkidbekjkghmbacoaolbcmep, https://chromewebstore.google.com/detail/shoot-the-messenger/lkhmjelfhkidbekjkghmbacoaolbcmep,,github.com/theahura/shoot-the-messenger/
illmpnnkeobcgnnjghammeohfjpjoljp, https://chromewebstore.google.com/detail/better-twitter/illmpnnkeobcgnnjghammeohfjpjoljp,,github.com/oslego/better-twitter/issues
glmlgaadcaohdmmpkkllhdkpjbeibond, https://chromewebstore.google.com/detail/oh-my-ig/glmlgaadcaohdmmpkkllhdkpjbeibond,,github.com/inDream/oh-my-ig
hbcnmbidfinkocndbbchppnnnmlcdocl, https://chromewebstore.google.com/detail/daily-bible-verse/hbcnmbidfinkocndbbchppnnnmlcdocl,,github.com/datvm/DailyBibleVerse
japjbgpadlgeagbegagkfccjpfnadgeb, https://chromewebstore.google.com/detail/webrtc-leak-killer/japjbgpadlgeagbegagkfccjpfnadgeb,,github.com/dvorakj31/webrtc_extension
hpmhdmlhnppmmipefebkhkbpdcjiidmh, https://chromewebstore.google.com/detail/twitter-ui-customizer/hpmhdmlhnppmmipefebkhkbpdcjiidmh,,github.com/kaonasi-biwa/Twitter-UI-Customizer/
dganoageikmadjocbmklfgaejpkdigbe, https://chromewebstore.google.com/detail/code-medium/dganoageikmadjocbmklfgaejpkdigbe,,github.com/Maluen/code-medium/issues/3).
kamcahcpkdbdhphbnhblmcgemhbhbohm, https://chromewebstore.google.com/detail/wherebycomappearin-meetin/kamcahcpkdbdhphbnhblmcgemhbhbohm,,github.com/treffynnon/whereby-com-helper-browser-extension
kacedphpmelngnhgodfbnemedkbbiajj, https://chromewebstore.google.com/detail/twitter-view-count-remove/kacedphpmelngnhgodfbnemedkbbiajj,,github.com/jfdelarosa/twitter-view-count-remover
jidjocdchokabfoljbhpdiejiddilnop, https://chromewebstore.google.com/detail/rekkitz+/jidjocdchokabfoljbhpdiejiddilnop,,github.com/Capelinha/nimo-clean-layout
papcdbgfejihdinhieggiamjnkclhkck, https://chromewebstore.google.com/detail/twitter-account-detector/papcdbgfejihdinhieggiamjnkclhkck,,github.com/stilliard/Twitter-detector
bibnjflclpdmbbcncejifemmbggkcjde, https://chromewebstore.google.com/detail/share-to-mastodon/bibnjflclpdmbbcncejifemmbggkcjde,,github.com/corbindavenport/share-to-mastodon
ekiibapogjgmlhlhpoalbppfhhgkcogc, https://chromewebstore.google.com/detail/the-green-web/ekiibapogjgmlhlhpoalbppfhhgkcogc,,github.com/thegreenwebfoundation/web-extension
