hfjbmagddngcpeloejdejnfgbamkjaeg, https://chromewebstore.google.com/detail/vimium-c-all-by-keyboard/hfjbmagddngcpeloejdejnfgbamkjaeg,,github.com/gdh1995/vimium-c#readme
felphkbfjadmcejnibcmcncimlappdde, https://chromewebstore.google.com/detail/clear-new-tab/felphkbfjadmcejnibcmcncimlappdde,,github.com/loftyshaky/clear-new-tab
mfgdmpfihlmdekaclngibpjhdebndhdj, https://chromewebstore.google.com/detail/humble-new-tab-page/mfgdmpfihlmdekaclngibpjhdebndhdj,,github.com/ibillingsley/HumbleNewTabPage
lpobdmdfgjokempajoobgfdnhjbjlnpm, https://chromewebstore.google.com/detail/+sub/lpobdmdfgjokempajoobgfdnhjbjlnpm,,github.com/plussub/plussub
fljfmblajgejeicncojogelbkhbobejn, https://chromewebstore.google.com/detail/discogs-enhancer/fljfmblajgejeicncojogelbkhbobejn,,github.com/salcido/discogs-enhancer
jifommjndpnefcfplgnbhabocomgdjjg, https://chromewebstore.google.com/detail/scrollmaps/jifommjndpnefcfplgnbhabocomgdjjg,,github.com/mauricelam/ScrollMaps
hnninpkmflibadgihijdmlilikhdgajj, https://chromewebstore.google.com/detail/topscroll/hnninpkmflibadgihijdmlilikhdgajj,,github.com/sv3k/topscroll
bngmbednanpcfochchhgbkookpiaiaid, https://chromewebstore.google.com/detail/mue/bngmbednanpcfochchhgbkookpiaiaid,,github.com/mue
gpibgniomobngodpnikhheifblbpbbah, https://chromewebstore.google.com/detail/tab-keeper-chrome-tab-man/gpibgniomobngodpnikhheifblbpbbah,,github.com/justine-george/tab-keeper-react-chrome-extension
ldfaccjdcphlaodakclpiomadaakoobd, https://chromewebstore.google.com/detail/asanatabs/ldfaccjdcphlaodakclpiomadaakoobd,,github.com/kamesstory/asanatabs-react.
dlhcacedlaiagoocbbgkeclgklanpmim, https://chromewebstore.google.com/detail/atarashii-new-tab-page/dlhcacedlaiagoocbbgkeclgklanpmim,,github.com/cf12/atarashii-tab
aheaidmpdognkkmllipnnjgkkomeafle, https://chromewebstore.google.com/detail/dark-mode-for-tryhackme/aheaidmpdognkkmllipnnjgkkomeafle,,github.com/waelmas/tryhackme-dark-mode
fceclmihdanbepiogjoeiolnpkalcjpe, https://chromewebstore.google.com/detail/php-revival/fceclmihdanbepiogjoeiolnpkalcjpe,,github.com/php-revival/php-revival)
ignndocldlheghlflchdbokagecncgmm, https://chromewebstore.google.com/detail/laconic-hover-for-tv-trop/ignndocldlheghlflchdbokagecncgmm,,github.com/spookyuser/laconic_hover
majholifapnemhnnollokllmmopdiaba, https://chromewebstore.google.com/detail/erp-quick-actions/majholifapnemhnnollokllmmopdiaba,,github.com/ruanfdev/erp_quick_actions/tree/dev
mnjggcdmjocbbbhaepdhchncahnbgone, https://chromewebstore.google.com/detail/sponsorblock-for-youtube/mnjggcdmjocbbbhaepdhchncahnbgone,,github.com/ajayyy/SponsorBlock
pccckmaobkjjboncdfnnofkonhgpceea, https://chromewebstore.google.com/detail/hover-zoom+/pccckmaobkjjboncdfnnofkonhgpceea,,github.com/extesy/hoverzoom/issues
dgmanlpmmkibanfdgjocnabmcaclkmod, https://chromewebstore.google.com/detail/just-read/dgmanlpmmkibanfdgjocnabmcaclkmod,,github.com/ZachSaucier/Just-Read
oiigbmnaadbkfbmpbfijlflahbdbdgdf, https://chromewebstore.google.com/detail/scriptsafe/oiigbmnaadbkfbmpbfijlflahbdbdgdf,,github.com/andryou/scriptsafe
pihphjfnfjmdbhakhjifipfdgbpenobg, https://chromewebstore.google.com/detail/docsafterdark/pihphjfnfjmdbhakhjifipfdgbpenobg,,github.com/waymondrang/DocsAfterDark.
jnjfeinjfmenlddahdjdmgpbokiacbbb, https://chromewebstore.google.com/detail/quick-tabs/jnjfeinjfmenlddahdjdmgpbokiacbbb,,github.com/babyman/quick-tabs-chrome-extension),
ignpacbgnbnkaiooknalneoeladjnfgb, https://chromewebstore.google.com/detail/url-in-title/ignpacbgnbnkaiooknalneoeladjnfgb,,github.com/guilryder/chrome-extensions/tree/main/urlintitle
mpcooeefegelfehalmefdeojlkinjjho, https://chromewebstore.google.com/detail/search-image-with-yandex/mpcooeefegelfehalmefdeojlkinjjho,,github.com/tenRabbits/extension-search-image-with-yandex/tree/master
chinfkfmaefdlchhempbfgbdagheknoj, https://chromewebstore.google.com/detail/scroll-to-top-button/chinfkfmaefdlchhempbfgbdagheknoj,,github.com/PoziWorld/Scroll-To-Top-Button-extension
paponcgjfojgemddooebbgniglhkajkj, https://chromewebstore.google.com/detail/ambient-light-for-youtube/paponcgjfojgemddooebbgniglhkajkj,,github.com/WesselKroos/youtube-ambilight
llhmaciggnibnbdokidmbilklceaobae, https://chromewebstore.google.com/detail/html5-video-keyboard-shor/llhmaciggnibnbdokidmbilklceaobae,,github.com/AjaxGb/Better-Chrome-Native-Video
blhbohajaekmpblcffpkpogkhkmmbbhf, https://chromewebstore.google.com/detail/tab-close-gold/blhbohajaekmpblcffpkpogkhkmmbbhf,,github.com/mukunku/Tab-Close-Gold/wiki
pkeofncjnjaleflnefmnnlabbfigfjhd, https://chromewebstore.google.com/detail/gemini-ai-chat-for-google/pkeofncjnjaleflnefmnnlabbfigfjhd,,github.com/SingularityLabs-ai
kpblgdhkligkbbnbpkigppblggflihgn, https://chromewebstore.google.com/detail/minim/kpblgdhkligkbbnbpkigppblggflihgn,,github.com/avinayak/minim
mippmhcfjhliihkkdobllhpdnmmciaim, https://chromewebstore.google.com/detail/tab-master-5000/mippmhcfjhliihkkdobllhpdnmmciaim,,github.com/jaszhix/tab-master-5000-chrome-extension
fplghnonomhbnlhdnmjpipoomkjdpeim, https://chromewebstore.google.com/detail/homely/fplghnonomhbnlhdnmjpipoomkjdpeim,,github.com/Terrance/Homely
jappgmhllahigjolfpgbjdfhciabdnde, https://chromewebstore.google.com/detail/link-map/jappgmhllahigjolfpgbjdfhciabdnde,,github.com/GarinZ/link-map
cplddgdncahafjjpimjjbghigkeabiod, https://chromewebstore.google.com/detail/brainly-companion/cplddgdncahafjjpimjjbghigkeabiod,,github.com/Saransh-255/Brainly-Companion
nbdfpcokndmapcollfpjdpjlabnibjdi, https://chromewebstore.google.com/detail/saka/nbdfpcokndmapcollfpjdpjlabnibjdi,,github.com/lusakasa/saka/issues/28)
ednlokepbjfieampgfdabeglnceoheni, https://chromewebstore.google.com/detail/picture-in-picture-shortc/ednlokepbjfieampgfdabeglnceoheni,,github.com/corbindavenport/pip-shortcut
ghdcoodfcolpdebbdhbgkbodbjololfl, https://chromewebstore.google.com/detail/image-viewer/ghdcoodfcolpdebbdhbgkbodbjololfl,,github.com/hospotho/Image-Viewer
hijebeohkblbdbfmmllpfgneocfhmlao, https://chromewebstore.google.com/detail/ppz/hijebeohkblbdbfmmllpfgneocfhmlao,,github.com/ppz-pro/chrome-filter
gpgijjcmnjpbdpaijihbchgdeencehng, https://chromewebstore.google.com/detail/video-experience-enhancer/gpgijjcmnjpbdpaijihbchgdeencehng,,github.com/walidghallab/video-experience-enhancer/tree/latest#supported-functionality
mndmnpnegjbnfakegcedmfccfiapdnhc, https://chromewebstore.google.com/detail/steelseries-browser-cinem/mndmnpnegjbnfakegcedmfccfiapdnhc,,github.com/meskill/steelseries-browser-cinema/releases
hnbcgkmojpjmncmplcnefjnmcbckadff, https://chromewebstore.google.com/detail/spoton/hnbcgkmojpjmncmplcnefjnmcbckadff,,github.com/SenpaiHunters/SpotOn/releases).
anfjeecbbmmjhbpopgnhibodoblgaakj, https://chromewebstore.google.com/detail/mattab/anfjeecbbmmjhbpopgnhibodoblgaakj,,github.com/arcs-/MatTab
ainabceojclhldicflamfgghhkmmcnlo, https://chromewebstore.google.com/detail/flowtab/ainabceojclhldicflamfgghhkmmcnlo,,github.com/flowshade/flowtab)
keiaaebomajecbjhpfembkjcillhkpbg, https://chromewebstore.google.com/detail/classic-twitter-logo/keiaaebomajecbjhpfembkjcillhkpbg,,github.com/niclm/classic-twitter-logo
ddmgffoffelnhnonpoiblaoboaeieejl, https://chromewebstore.google.com/detail/semanticfinder/ddmgffoffelnhnonpoiblaoboaeieejl,,github.com/do-me/SemanticFinder
bnclejfcblondkjliiblkojdeloomadd, https://chromewebstore.google.com/detail/tab-muter/bnclejfcblondkjliiblkojdeloomadd,,github.com/sersorrel/mute-tab.
pehohlhkhbcfdneocgnfbnilppmfncdg, https://chromewebstore.google.com/detail/better-youtube-shorts/pehohlhkhbcfdneocgnfbnilppmfncdg,,github.com/ynshung/better-yt-shorts
eobhfnijalkolbbmdoonheekjidkoojd, https://chromewebstore.google.com/detail/messenger-dark-theme/eobhfnijalkolbbmdoonheekjidkoojd,,github.com/jerry1100/messenger-dark-theme/issues.
nplngmgdacdfncdkpdomipkehfnbinfa, https://chromewebstore.google.com/detail/read-later/nplngmgdacdfncdkpdomipkehfnbinfa,,github.com/downloads/napsternxg/ReadLater/ReadLater.zip
bfpogemllmpcpclnadighnpeeaegigjk, https://chromewebstore.google.com/detail/peek-preview-pdfs-office/bfpogemllmpcpclnadighnpeeaegigjk,,github.com/corbindavenport/peek
hbnmehpggmbpiackncinpnlgkgbgmpjk, https://chromewebstore.google.com/detail/bookmark-iconizer/hbnmehpggmbpiackncinpnlgkgbgmpjk,,github.com/Kaligula0/bookmark-iconizer/issues
bdifipamjgmfefcpemmlppcmcdjndhig, https://chromewebstore.google.com/detail/bbc-dark/bdifipamjgmfefcpemmlppcmcdjndhig,,github.com/Recol/BBC-Dark
oeccdogiekfcglkneepeaodoendiikic, https://chromewebstore.google.com/detail/pushpin/oeccdogiekfcglkneepeaodoendiikic,,github.com/szhu/pushpin
bcolcolejgecmpoklbikgcecpmchnkhh, https://chromewebstore.google.com/detail/tab-saver/bcolcolejgecmpoklbikgcecpmchnkhh,,github.com/Egrodo/tab-saver-chrome-extension)
pkklffjkfmhpoiepobbldnadjflciinb, https://chromewebstore.google.com/detail/simple-new-tab-url/pkklffjkfmhpoiepobbldnadjflciinb,,github.com/zach-adams/simple-new-tab-url
afdeadcjhgnnpaifcmpebddnmckfplmo, https://chromewebstore.google.com/detail/sticky-scribble/afdeadcjhgnnpaifcmpebddnmckfplmo,,github.com/GoogleChromeLabs/stickyscribble
aabpiidneeojeichdhncnjmdopgglakk, https://chromewebstore.google.com/detail/unread-tab/aabpiidneeojeichdhncnjmdopgglakk,,github.com/stanislawru/unread-tab
dldjpboieedgcmpkchcjcbijingjcgok, https://chromewebstore.google.com/detail/fuel-wallet/dldjpboieedgcmpkchcjcbijingjcgok,,github.com/fuellabs/fuels-wallet/blob/v0.16.1/packages/app/public/TermOfService.md
enamippconapkdmgfgjchkhakpfinmaj, https://chromewebstore.google.com/detail/dearrow-better-titles-and/enamippconapkdmgfgjchkhakpfinmaj,,github.com/ajayyy/DeArrow
kbgmbmkhepchmmcnbdbclpkpegbgikjc, https://chromewebstore.google.com/detail/%E7%AE%80-tab-simptab-%E6%96%B0%E6%A0%87%E7%AD%BE%E9%A1%B5/kbgmbmkhepchmmcnbdbclpkpegbgikjc,,github.com/kenshin/simptab
npehdolgmmdncpmkoploaeljhkngjbne, https://chromewebstore.google.com/detail/netsuite-field-finder/npehdolgmmdncpmkoploaeljhkngjbne,,github.com/ericlackey/netsuite-field-finder.
kpjklikhldpeiibfhadeogaaeenhffba, https://chromewebstore.google.com/detail/darkbili-dark-mode-for-bi/kpjklikhldpeiibfhadeogaaeenhffba,,github.com/flanker/bilibili-dark-mode
jfnjmnapkhdbaidedlbdcmhiphfjljcd, https://chromewebstore.google.com/detail/chorus-spotify-enhancer/jfnjmnapkhdbaidedlbdcmhiphfjljcd,,github.com/cdrani/issues
