fdpohaocaechififmbbbbbknoalclacl, https://chromewebstore.google.com/detail/gofullpage-full-page-scre/fdpohaocaechififmbbbbbknoalclacl,,github.com/mrcoles/full-page-screen-capture-chrome-extension
bcjindcccaagfpapjjmafapmmgkkhgoa, https://chromewebstore.google.com/detail/json-formatter/bcjindcccaagfpapjjmafapmmgkkhgoa,,github.com/callumlocke/json-formatter
padekgcemlokbadohgkifijomclgjgif, https://chromewebstore.google.com/detail/proxy-switchyomega/padekgcemlokbadohgkifijomclgjgif,,github.com/FelisCatus/SwitchyOmega/releases
lmhkpmbekcpmknklioeibfkpmmfibljd, https://chromewebstore.google.com/detail/redux-devtools/lmhkpmbekcpmknklioeibfkpmmfibljd,,github.com/reduxjs/redux-devtools
hlkenndednhfkekhgcdicdfddnkalmdm, https://chromewebstore.google.com/detail/cookie-editor/hlkenndednhfkekhgcdicdfddnkalmdm,,github.com/Moustachauve/cookie-editor
blipmdconlkpinefehnmjammfjpmpbjk, https://chromewebstore.google.com/detail/lighthouse/blipmdconlkpinefehnmjammfjpmpbjk,,github.com/GoogleChrome/lighthouse
idgpnmonknjnojddfkpgkljpfnnfcklj, https://chromewebstore.google.com/detail/modheader-modify-http-hea/idgpnmonknjnojddfkpgkljpfnnfcklj,,github.com/modheader/modheader_selenium
clngdbkpkpeebahjckkjfobafhncgmne, https://chromewebstore.google.com/detail/stylus/clngdbkpkpeebahjckkjfobafhncgmne,,github.com/openstyles/stylus
inmopeiepgfljkpkidclfgbgbmfcennb, https://chromewebstore.google.com/detail/responsive-viewer/inmopeiepgfljkpkidclfgbgbmfcennb,,github.com/skmail/responsive-viewer
mdnleldcmiljblolnjhpnblkcekpdkpa, https://chromewebstore.google.com/detail/requestly-intercept-modif/mdnleldcmiljblolnjhpnblkcekpdkpa,,github.com/requestly/requestly/
hmdmhilocobgohohpdpolmibjklfgkbi, https://chromewebstore.google.com/detail/odoo-debug/hmdmhilocobgohohpdpolmibjklfgkbi,,github.com/droggol/OdooDebug
lkfkkhfhhdkiemehlpkgjeojomhpccnh, https://chromewebstore.google.com/detail/web-maker/lkfkkhfhhdkiemehlpkgjeojomhpccnh,,github.com/chinchang/web-maker/discussions
anlikcnbgdeidpacdbdljnabclhahhmd, https://chromewebstore.google.com/detail/enhanced-github/anlikcnbgdeidpacdbdljnabclhahhmd,,github.com/softvar/enhanced-github/issues
bmdblncegkenkacieihfhpjfppoconhi, https://chromewebstore.google.com/detail/ember-inspector/bmdblncegkenkacieihfhpjfppoconhi,,github.com/emberjs/ember-inspector.
bbicmjjbohdfglopkidebfccilipgeif, https://chromewebstore.google.com/detail/validity/bbicmjjbohdfglopkidebfccilipgeif,,github.com/renyard/validity/issues).
gpmodmeblccallcadopbcoeoejepgpnb, https://chromewebstore.google.com/detail/json-formatter/gpmodmeblccallcadopbcoeoejepgpnb,,github.com/users
mdemppnhjflbejfbnlddahjbpdbeejnn, https://chromewebstore.google.com/detail/tamper-dev/mdemppnhjflbejfbnlddahjbpdbeejnn,,github.com/google/tamperchrome/discussions
pkgejkfioihnchalojepdkefnpejomgn, https://chromewebstore.google.com/detail/chroma-eyedropper-color-p/pkgejkfioihnchalojepdkefnpejomgn,,github.com/ericuldall
glcapdcacdfkokcmicllhcjigeodacab, https://chromewebstore.google.com/detail/cypress-recorder/glcapdcacdfkokcmicllhcjigeodacab,,github.com/abbeycampbell
ocfjjjjhkpapocigimmppepjgfdecjkb, https://chromewebstore.google.com/detail/storage-area-explorer/ocfjjjjhkpapocigimmppepjgfdecjkb,,github.com/jusio/storage-area-explorer
bggfcpfjbdkhfhfmkjpbhnkhnpjjeomc, https://chromewebstore.google.com/detail/material-icons-for-github/bggfcpfjbdkhfhfmkjpbhnkhnpjjeomc,,github.com/PKief/vscode-material-icon-theme.
llflfcikklhgamfmnjkgpdadpmdplmji, https://chromewebstore.google.com/detail/mokku/llflfcikklhgamfmnjkgpdadpmdplmji,,github.com/mukuljainx/Mokku/releases
bekehlnepmijedippfibbmbglglbmlgk, https://chromewebstore.google.com/detail/letxpath/bekehlnepmijedippfibbmbglglbmlgk,,github.com/ortoniKC/LetXPath
cpnkcffhllafbdbljkmhebnpbnlhapmd, https://chromewebstore.google.com/detail/css-selector-capture-pro/cpnkcffhllafbdbljkmhebnpbnlhapmd,,github.com/CharltonC/chrome-css-selector-capture/blob/master/README.md
pampamgoihgcedonnphgehgondkhikel, https://chromewebstore.google.com/detail/dotgit/pampamgoihgcedonnphgehgondkhikel,,github.com/davtur19/DotGit
gcjikeldobhnaglcoaejmdlmbienoocg, https://chromewebstore.google.com/detail/spantree/gcjikeldobhnaglcoaejmdlmbienoocg,,github.com/tavyandy97/span-tree.
dneemiigcbbgbdjlcdjjnianlikimpck, https://chromewebstore.google.com/detail/aria-devtools/dneemiigcbbgbdjlcdjjnianlikimpck,,github.com/ziolko/aria-devtools
ibniinmoafhgbifjojidlagmggecmpgf, https://chromewebstore.google.com/detail/meteor-devtools-evolved/ibniinmoafhgbifjojidlagmggecmpgf,,github.com/leonardoventurini/meteor-devtools-evolved
opemhndcehfgipokneipaafbglcecjia, https://chromewebstore.google.com/detail/growthbook-devtools/opemhndcehfgipokneipaafbglcecjia,,github.com/growthbook/growthbook
ocoipcahhaedjhnpoanfflhbdcpmalmp, https://chromewebstore.google.com/detail/hackertabdev-developer-ne/ocoipcahhaedjhnpoanfflhbdcpmalmp,,github.com/medyo/hackertab.dev
bhdnlmmgiplmbcdmkkdfplenecpegfno, https://chromewebstore.google.com/detail/cloudwatch-synthetics-rec/bhdnlmmgiplmbcdmkkdfplenecpegfno,,github.com/checkly/headless-recorder).
gebemkdecnlgbcanplbgdpcffpdnfdfo, https://chromewebstore.google.com/detail/hubspot-developer-extensi/gebemkdecnlgbcanplbgdpcffpdnfdfo,,github.com/TheWebTech/HubSpot-Developer-Extension
nnhifpoojdlddpnhjbhiagddgckpmpfb, https://chromewebstore.google.com/detail/pixel-perfect-pro/nnhifpoojdlddpnhjbhiagddgckpmpfb,,github.com/max-ivaneychyk/chrome-extension-pixel-perfect-pro
jlfeffjhgmgblofcgpbgpkkhfniipejm, https://chromewebstore.google.com/detail/favicon-detector/jlfeffjhgmgblofcgpbgpkkhfniipejm,,github.com/BlackGlory/favicon-detector
kmcfjchnmmaeeagadbhoofajiopoceel, https://chromewebstore.google.com/detail/solid-devtools/kmcfjchnmmaeeagadbhoofajiopoceel,,github.com/thetarnav/solid-devtools/tree/main/packages/extension#getting-started
kgdbcpllbbnimjgoiomfdebldcofmlbl, https://chromewebstore.google.com/detail/environment-indicator/kgdbcpllbbnimjgoiomfdebldcofmlbl,,github.com/gaoliang/env-indicator
mfgkihmpcjjnijmkchojlbccbmhcdfcd, https://chromewebstore.google.com/detail/javadoc-search-frame/mfgkihmpcjjnijmkchojlbccbmhcdfcd,,github.com/StevenGBrown/javadoc-search-frame/wiki/Features
eklpnjohdjknellndlnepihjnhpaimok, https://chromewebstore.google.com/detail/webpagetest-recorder-exte/eklpnjohdjknellndlnepihjnhpaimok,,github.com/WebPageTest/recorder-to-webpagetest-chrome-extension/issues
hcakmjkjjgaehnnflnelfngbhnppgnpp, https://chromewebstore.google.com/detail/positionable/hcakmjkjjgaehnnflnelfngbhnppgnpp,,github.com/andrewplummer/Positionable/issues
lalnbaaeaipofapafgocoakbhlpbnocl, https://chromewebstore.google.com/detail/svgomg/lalnbaaeaipofapafgocoakbhlpbnocl,,github.com/jakearchibald/svgomg
ffpifaemeofjmncjdbegmbpcdaemkeoc, https://chromewebstore.google.com/detail/mdn-search/ffpifaemeofjmncjdbegmbpcdaemkeoc,,github.com/ChaitanyaPramod/mdn-search
ghlpdbkhlenlfiglgphledhfhchjfjfk, https://chromewebstore.google.com/detail/inssman-open-source-modif/ghlpdbkhlenlfiglgphledhfhchjfjfk,,github.com/vvmgev/Inssman
enpcfefpndigimneblibaglgcgjkedfn, https://chromewebstore.google.com/detail/google-tag-manager-blocke/enpcfefpndigimneblibaglgcgjkedfn,,github.com/tommyrharper/gtm-disabler-chrome
kmjfdonmflchjdlmeoecbmebfpnafpec, https://chromewebstore.google.com/detail/little-star-github-stars/kmjfdonmflchjdlmeoecbmebfpnafpec,,github.com/alianrock/LittleStar/wiki
cipnpfcceoapeahdgomheoecidglopld, https://chromewebstore.google.com/detail/virtual-json-viewer/cipnpfcceoapeahdgomheoecidglopld,,github.com/paolosimone/virtual-json-viewer#keyboard-shortcuts
bldokddpppfjgaagcmmmomlmnpjmcmkg, https://chromewebstore.google.com/detail/scrum-poker-app/bldokddpppfjgaagcmmmomlmnpjmcmkg,,github.com/3pts/chrome-extension
ffdebockfdjileaojbbccofhgncmioaf, https://chromewebstore.google.com/detail/kamino/ffdebockfdjileaojbbccofhgncmioaf,,github.com/gatewayapps/kamino
pmpjligbgooljdpakhophgddmcipglna, https://chromewebstore.google.com/detail/github-html-preview/pmpjligbgooljdpakhophgddmcipglna,,github.com/dohyeon5626/github-html-preview-extension/issues
jgldaddniioegealakjcfjefbngfoien, https://chromewebstore.google.com/detail/website-server-ip-support/jgldaddniioegealakjcfjefbngfoien,,github.com/ben8p/WebsiteIP
kcjhkbajobnhihpodnphdndhmniglmpc, https://chromewebstore.google.com/detail/web-edit/kcjhkbajobnhihpodnphdndhmniglmpc,,github.com/RyanLua/WebEdit
hagknokdofkmojolcpbddjfdjhnjdkae, https://chromewebstore.google.com/detail/advanced-extension-reload/hagknokdofkmojolcpbddjfdjhnjdkae,,github.com/loftyshaky/advanced-extension-reloader/blob/master/README.md#content
ebmfdpppokkplmndpamkhbmochcdlefp, https://chromewebstore.google.com/detail/audio-pipes/ebmfdpppokkplmndpamkhbmochcdlefp,,github.com/JanMisker/Audio-Pipes
llojjggmiihgebjhofkcedffdfdfeegn, https://chromewebstore.google.com/detail/designr/llojjggmiihgebjhofkcedffdfdfeegn,,github.com/ANG13T/designr
ghkccmckjecalghejidolggalehgbcnj, https://chromewebstore.google.com/detail/dev-tabs/ghkccmckjecalghejidolggalehgbcnj,,github.com/thepracticaldev.
eihokbaeiebdenibjophfipedicippfl, https://chromewebstore.google.com/detail/gitrec/eihokbaeiebdenibjophfipedicippfl,,github.com/gorse-io/gitrec
mghlpehggoiecmpcdadkdbeofcheghcc, https://chromewebstore.google.com/detail/codext/mghlpehggoiecmpcdadkdbeofcheghcc,,github.com/bbc/codext)
cbnplpkljokdodpligcaolkmodfondhl, https://chromewebstore.google.com/detail/gitd-download-manager/cbnplpkljokdodpligcaolkmodfondhl,,github.com/git-download-manager
bnpplihcampoabjlbcchijpcinnjdbjp, https://chromewebstore.google.com/detail/dev-mark/bnpplihcampoabjlbcchijpcinnjdbjp,,github.com/yoshimaru46/dev-mark
lgcgflalbmeodapiohjepkjlgipmhofe, https://chromewebstore.google.com/detail/link-roamer/lgcgflalbmeodapiohjepkjlgipmhofe,,github.com/rossmoody/link-roamer.
jgccjoojddigjmaheaabijlhfnlpcoph, https://chromewebstore.google.com/detail/percy-web-extension/jgccjoojddigjmaheaabijlhfnlpcoph,,github.com/BrowserStackCE/percy-chrome-extension
diofdblfhjbpgackifolmboaiccmebjb, https://chromewebstore.google.com/detail/codever/diofdblfhjbpgackifolmboaiccmebjb,,github.com/CodeverDotDev/codever-browser-extension
mhpnoeopnoemnkkklmmmpjecilooeaoe, https://chromewebstore.google.com/detail/hue-tab/mhpnoeopnoemnkkklmmmpjecilooeaoe,,github.com/TwoTau/Hue-Tab
ilbkkhmnmnehcicempfpekgcpneeekao, https://chromewebstore.google.com/detail/mockiato-mocks-on-the-fly/ilbkkhmnmnehcicempfpekgcpneeekao,,github.com/avivasyuta/mockiato/issues
dckhejcdhaojgaafhjmeengkkilgejma, https://chromewebstore.google.com/detail/atomio-%E2%80%94-image-fixer/dckhejcdhaojgaafhjmeengkkilgejma,,github.com/nlydv/atom-io-imgfix
ajjdmakdoicbgmgoacfmlplnefljpcke, https://chromewebstore.google.com/detail/heads-up/ajjdmakdoicbgmgoacfmlplnefljpcke,,github.com/voorhoede/heads-up.
lblnbldblpeiikndppnekobccdocccho, https://chromewebstore.google.com/detail/github-sidebar/lblnbldblpeiikndppnekobccdocccho,,github.com/settings/tokens/new?scopes=repo&description=Github%20sidebar%20browser%20extension
eelfklplkohmhhmlfciodaljeeijoelf, https://chromewebstore.google.com/detail/svg-to-base64/eelfklplkohmhhmlfciodaljeeijoelf,,github.com/yoksel/url-encoder/
ilcokocopmbcgoealmibcngobefggidj, https://chromewebstore.google.com/detail/multishot/ilcokocopmbcgoealmibcngobefggidj,,github.com/HamzaEzzRa/Multishot
ngcligbdheofopbokngenlgdpalociaf, https://chromewebstore.google.com/detail/tokenaware/ngcligbdheofopbokngenlgdpalociaf,,github.com/Saharhash/TokenAware
inehjeemhpipbglglmjnnabcfpofeljm, https://chromewebstore.google.com/detail/check-all-scripts-with-ur/inehjeemhpipbglglmjnnabcfpofeljm,,github.com/hchiam/urlvoid-firefox-extension
efacfbjnfhfaplaglplaljdleimiiflf, https://chromewebstore.google.com/detail/gendermag-recorders-assis/efacfbjnfhfaplaglplaljdleimiiflf,,github.com/GenderMagProject/GenderMagRecordersAssistant/blob/master/privacy-policy.md
liedgiagjapaehficeimmjcemnknmdfp, https://chromewebstore.google.com/detail/library-detector-academic/liedgiagjapaehficeimmjcemnknmdfp,,github.com/aaronxyliu/PTV.
efpdjmbhdeindmfegilaloknlpfloefd, https://chromewebstore.google.com/detail/trendcat/efpdjmbhdeindmfegilaloknlpfloefd,,github.com/ergenekonyigit/trendcat
hiakfpoofhkpahdhabmfknbdedlcopbg, https://chromewebstore.google.com/detail/nyzo/hiakfpoofhkpahdhabmfknbdedlcopbg,,github.com/n-y-z-o/chromeExtension.
ebegedldiiikipjiaggiopgmaomdacgi, https://chromewebstore.google.com/detail/stackinspector/ebegedldiiikipjiaggiopgmaomdacgi,,github.com/teslae1/stackinspector
lpnemaljfnjdoiinabghjhlfekceakpf, https://chromewebstore.google.com/detail/emoji-reactions-for-githu/lpnemaljfnjdoiinabghjhlfekceakpf,,github.com/axolo-co/developer-resources/tree/main/code-review-emoji-guide.
dokmlpbbanhdpkjfaibnadaebogcdgoi, https://chromewebstore.google.com/detail/dev-essentials/dokmlpbbanhdpkjfaibnadaebogcdgoi,,github.com/hardikk2002/Dev-Essentials
gbmdgpbipfallnflgajpaliibnhdgobh, https://chromewebstore.google.com/detail/json-viewer/gbmdgpbipfallnflgajpaliibnhdgobh,,github.com/tulios
bhchdcejhohfmigjafbampogmaanbfkg, https://chromewebstore.google.com/detail/user-agent-switcher-and-m/bhchdcejhohfmigjafbampogmaanbfkg,,github.com/ray-lothian/UserAgent-Switcher/
ggfgijbpiheegefliciemofobhmofgce, https://chromewebstore.google.com/detail/cssviewer/ggfgijbpiheegefliciemofobhmofgce,,github.com/miled/cssviewer
baocaagndhipibgklemoalmkljaimfdj, https://chromewebstore.google.com/detail/dimensions/baocaagndhipibgklemoalmkljaimfdj,,github.com/mrflix/dimensions
dgjhfomjieaadpoljlnidmbgkdffpack, https://chromewebstore.google.com/detail/sourcegraph/dgjhfomjieaadpoljlnidmbgkdffpack,,github.com/gorilla/mux/blob/9e1f59/mux.go
paijfdbeoenhembfhkhllainmocckace, https://chromewebstore.google.com/detail/saml-chrome-panel/paijfdbeoenhembfhkhllainmocckace,,github.com/milton-lai/saml-chrome-panel
offnedcbhjldheanlbojaefbfbllddna, https://chromewebstore.google.com/detail/jetbrains-toolbox-extensi/offnedcbhjldheanlbojaefbfbllddna,,github.com/JetBrains/toolbox-browser-extension
ilnpmccnfdjdjjikgkefkcegefikecdc, https://chromewebstore.google.com/detail/analytics-debugger/ilnpmccnfdjdjjikgkefkcegefikecdc,,github.com/analytics-debugger/analytics-debugger-browser-extension
ikbablmmjldhamhcldjjigniffkkjgpo, https://chromewebstore.google.com/detail/dataslayer/ikbablmmjldhamhcldjjigniffkkjgpo,,github.com/sean-adams/dataslayer
