mpbjkejclgfgadiemmefgebjfooflfhl, https://chromewebstore.google.com/detail/buster-captcha-solver-for/mpbjkejclgfgadiemmefgebjfooflfhl,,github.com/dessant/buster/wiki/Inaccessible-reCAPTCHA-audio-challenge
jjicbefpemnphinccgikpdaagjebbnhg, https://chromewebstore.google.com/detail/csfloat-market-checker/jjicbefpemnphinccgikpdaagjebbnhg,,github.com/csfloat/extension
cndibmoanboadcifjkjbdpjgfedanolh, https://chromewebstore.google.com/detail/better-canvas/cndibmoanboadcifjkjbdpjgfedanolh,,github.com/ksucpea/bettercanvas
bnomihfieiccainjcjblhegjgglakjdd, https://chromewebstore.google.com/detail/improve-youtube-%F0%9F%8E%A7-for-yo/bnomihfieiccainjcjblhegjgglakjdd,,github.com/Code4Charity/Youtube-Extension
cnojnbdhbhnkbcieeekonklommdnndci, https://chromewebstore.google.com/detail/search-by-image/cnojnbdhbhnkbcieeekonklommdnndci,,github.com/dessant/search-by-image/wiki/Search-engines
kdmnjgijlmjgmimahnillepgcgeemffb, https://chromewebstore.google.com/detail/pockettube-youtube-subscr/kdmnjgijlmjgmimahnillepgcgeemffb,,github.com/NabokD/pockettube
ckkdlimhmcjmikdlpkmbgfkaikojcbjk, https://chromewebstore.google.com/detail/markdown-viewer/ckkdlimhmcjmikdlpkmbgfkaikojcbjk,,github.com/simov/markdown-viewer
ecbnojockcgfohpopbphhgefkfbigcej, https://chromewebstore.google.com/detail/flash-player-emulator-202/ecbnojockcgfohpopbphhgefkfbigcej,,github.com/ruffle-rs/ruffle/blob/master/LICENSE.md
pncfbmialoiaghdehhbnbhkkgmjanfhe, https://chromewebstore.google.com/detail/ublacklist/pncfbmialoiaghdehhbnbhkkgmjanfhe,,github.com/iorate/ublacklist#supported-search-engines
fbeffbjdlemaoicjdapfpikkikjoneco, https://chromewebstore.google.com/detail/scratch-addons/fbeffbjdlemaoicjdapfpikkikjoneco,,github.com/ScratchAddons
bpnedgjmphmmdgecmklcopblfcbhpefm, https://chromewebstore.google.com/detail/djvujs-viewer/bpnedgjmphmmdgecmklcopblfcbhpefm,,github.com/RussCoder/djvujs
hceobhjokpdbogjkplmfjeomkeckkngi, https://chromewebstore.google.com/detail/new-bing-anywhere-bing-ch/hceobhjokpdbogjkplmfjeomkeckkngi,,github.com/haozi/New-Bing-Anywhere/issues/8
lhhohkfofnfbnildpdhhjeeenapeceei, https://chromewebstore.google.com/detail/audd%C2%AE-music-recognition/lhhohkfofnfbnildpdhhjeeenapeceei,,github.com/AudDMusic/chrome-extension
akknpgblpchaoebdoiojonnahhnfgnem, https://chromewebstore.google.com/detail/browser-boost-extra-tools/akknpgblpchaoebdoiojonnahhnfgnem,,github.com/BrowserBoost/Extension
gaafhpdcjnlehapjdngfoonljgeodffm, https://chromewebstore.google.com/detail/ultimate-h1b-sponsor-chec/gaafhpdcjnlehapjdngfoonljgeodffm,,github.com/kart33k/UltimateH1BSponsorChecker/issues
hkligngkgcpcolhcnkgccglchdafcnao, https://chromewebstore.google.com/detail/web-archives/hkligngkgcpcolhcnkgccglchdafcnao,,github.com/dessant/web-archives/wiki/Search-engines
hifcahjlgbmhppcoppikpcceognjcjjp, https://chromewebstore.google.com/detail/discord-token-login/hifcahjlgbmhppcoppikpcceognjcjjp,,github.com/flxderdev/Discord-Token-Login
nghlhmhjdlbcgnmjffpeialapbcnajig, https://chromewebstore.google.com/detail/youtube-tc-autotrans-corr/nghlhmhjdlbcgnmjffpeialapbcnajig,,github.com/Frank0945/fix-yt-traditional-chinese-subtitle
gfhnhcbpnnnlefhobdnmhenofhfnnfhi, https://chromewebstore.google.com/detail/ezproxy-redirect/gfhnhcbpnnnlefhobdnmhenofhfnnfhi,,github.com/tom5760/chrome-ezproxy
opmeopcambhfimffbomjgemehjkbbmji, https://chromewebstore.google.com/detail/videoplayer-mpdm3u8m3uepg/opmeopcambhfimffbomjgemehjkbbmji,,github.com/sharkiller/Reproductor-MPD-M3U8/wiki
lbhlhhckfpdpafckdiklcbamkmogjdjc, https://chromewebstore.google.com/detail/google-sheets-tabs-on-top/lbhlhhckfpdpafckdiklcbamkmogjdjc,,github.com/yamadashy/sheets-tabs-on-top-extension
bplnofkhjdphoihfkfcddikgmecfehdd, https://chromewebstore.google.com/detail/pockettube-youtube-playli/bplnofkhjdphoihfkfcddikgmecfehdd,,github.com/NabokD/pockettube
cejijldbedfmdehondfmoadlkhgjcmkd, https://chromewebstore.google.com/detail/sheets-row-highlighter/cejijldbedfmdehondfmoadlkhgjcmkd,,github.com/matsu7089/sheets-row-highlighter
omjdheidbhoghpfdnndkgoelfiogjfla, https://chromewebstore.google.com/detail/page-notes/omjdheidbhoghpfdnndkgoelfiogjfla,,github.com/manugarg/pagenotes-issues/issues
cngoemokfjekjkmajenlaokhnmmiinca, https://chromewebstore.google.com/detail/wikigg-redirect/cngoemokfjekjkmajenlaokhnmmiinca,,github.com/freedomgamesdev/wikigg-redirect-extension.
gilmponliddppjjcfjmanmmfgiilikhg, https://chromewebstore.google.com/detail/shorts-deflector/gilmponliddppjjcfjmanmmfgiilikhg,,github.com/attituding/shorts-deflector
goanbaknlbojfglcepjnankoobfakbpg, https://chromewebstore.google.com/detail/doi-resolver/goanbaknlbojfglcepjnankoobfakbpg,,github.com/mdmower/doi-resolver
ioebblnijghcghflgjlgbhjbdgkofcjp, https://chromewebstore.google.com/detail/blend-run-enable-copy-and/ioebblnijghcghflgjlgbhjbdgkofcjp,,github.com/HASHCUT69/Blend-n-Run
kpnejlajlhnpfphbhgfipmlogplmidin, https://chromewebstore.google.com/detail/chatgpt-microphone/kpnejlajlhnpfphbhgfipmlogplmidin,,github.com/davidmvenegas/chatgpt-microphone
dejblhmebonldngnmeidliaifgiagcjj, https://chromewebstore.google.com/detail/quick-find-for-google-chr/dejblhmebonldngnmeidliaifgiagcjj,,github.com/peterdotjs/quick-find
cdgbjhkjjghbjjikgjkkpljlmnpcakco, https://chromewebstore.google.com/detail/reverse-image-search/cdgbjhkjjghbjjikgjkkpljlmnpcakco,,github.com/Brawl345/Image-Reverse-Search-WebExtension
mpkpmgnjhejeodcbfaphaenpkkjdfbgo, https://chromewebstore.google.com/detail/ip-whois/mpkpmgnjhejeodcbfaphaenpkkjdfbgo,,github.com/sponsors/SergiX44
gnpcmjhhhobmpeeekcfmficdfgnmncim, https://chromewebstore.google.com/detail/jadeshipcom-extension/gnpcmjhhhobmpeeekcfmficdfgnmncim,,github.com/cachho/jadeship-browser-extension
ikbcccnfbfobgioefgaodgmnnnbjbbfn, https://chromewebstore.google.com/detail/google-enhancer/ikbcccnfbfobgioefgaodgmnnnbjbbfn,,github.com/satorioh/google-enhancer
nbnfkhblcofmmbeamohjmmjfmfmhknpj, https://chromewebstore.google.com/detail/cursorlux-mouse-highlight/nbnfkhblcofmmbeamohjmmjfmfmhknpj,,github.com/joshuajadaniel/cursorlux
jgibaoklabopileepldnlkbbcibhbgmd, https://chromewebstore.google.com/detail/youtube-transcript/jgibaoklabopileepldnlkbbcibhbgmd,,github.com/kazuki-sf/YouTube_Summary_with_ChatGPT
agkeoekbbkpokfbpmmminnombikadbhb, https://chromewebstore.google.com/detail/paperslabmlai/agkeoekbbkpokfbpmmminnombikadbhb,,github.com/labmlai/chrome-extension
hgepmblbgodbilmfdjkalkgofdcipkhh, https://chromewebstore.google.com/detail/searchjumper/hgepmblbgodbilmfdjkalkgofdcipkhh,,github.com/hoothin/SearchJumper
gfmeadbjkfhkeklgaomifcaihbhpeido, https://chromewebstore.google.com/detail/hotkeys-for-search/gfmeadbjkfhkeklgaomifcaihbhpeido,,github.com/Juuso-h/hotkeys-for-search
dkfbnlclahcmcgehpancgfhogmilankf, https://chromewebstore.google.com/detail/ctrl-f-plus-ctrl-+-f-sear/dkfbnlclahcmcgehpancgfhogmilankf,,github.com/ctrl-f-plus/ctrl-f-plus-chrome-extension.
dnfohmfimbkmondbppcnkgjlnfnbppok, https://chromewebstore.google.com/detail/auto-tab-mute/dnfohmfimbkmondbppcnkgjlnfnbppok,,github.com/david-welsh/auto-tab-mute
cofpegcepiccpobikjoddpmmocficdjj, https://chromewebstore.google.com/detail/search-bookmarks-history/cofpegcepiccpobikjoddpmmocficdjj,,github.com/Fannon/search-bookmarks-history-and-tabs#readme
idpfgkgogjjgklefnkjdpghkifbjenap, https://chromewebstore.google.com/detail/dscan-own-your-identity-o/idpfgkgogjjgklefnkjdpghkifbjenap,,github.com/p2plabsxyz/dscan
dlmmgckeognpojabkkcablldnlfnfgpo, https://chromewebstore.google.com/detail/my-dictionary/dlmmgckeognpojabkkcablldnlfnfgpo,,github.com/harry-private/my_dictionary
ojcnjeigmgjaiolalpapfnmmhdmpjhfb, https://chromewebstore.google.com/detail/big-search/ojcnjeigmgjaiolalpapfnmmhdmpjhfb,,github.com/garywill/BigSearch
lijbnhoniejpjjgemoifpjklobhakinb, https://chromewebstore.google.com/detail/mark-my-search/lijbnhoniejpjjgemoifpjklobhakinb,,github.com/searchmarkers/mark-my-search
pcmffklbilmgckfkbncpoffmicdpfkmm, https://chromewebstore.google.com/detail/overleaf-copilot/pcmffklbilmgckfkbncpoffmicdpfkmm,,github.com/dsp05/overleaf-copilot
dinfdkpilnidebademfldlbpbjkemkod, https://chromewebstore.google.com/detail/reddit-search-on-google/dinfdkpilnidebademfldlbpbjkemkod,,github.com/tadwohlrapp/reddit-search-on-google
pmihaiejckejbpjdnildimfkpcpnohlo, https://chromewebstore.google.com/detail/regex/pmihaiejckejbpjdnildimfkpcpnohlo,,github.com/code-for-charity
jokoalpdfppeolhnfljmfecbifcfadhh, https://chromewebstore.google.com/detail/bookmark-history-manager/jokoalpdfppeolhnfljmfecbifcfadhh,,github.com/ric2cn/webdiary
kbgaobbeoemfoohblgglgagdgjjnppce, https://chromewebstore.google.com/detail/simple-subscription-manag/kbgaobbeoemfoohblgglgagdgjjnppce,,github.com/wolfpoland/ssm
