jpeg-xl-viewer, https://chromewebstore.google.com/detail/jpeg-xl-viewer/bkhdlfmkaenamnlbpdfplekldlnghchp,,github.com/zamfofex/jxl-crx
messenger-dark-theme, https://chromewebstore.google.com/detail/messenger-dark-theme/eobhfnijalkolbbmdoonheekjidkoojd,,github.com/jerry1100/messenger-dark-theme
khan-academy-notification, https://chromewebstore.google.com/detail/khan-academy-notification/gdlfnahbohjggjhpcmabnfikiigncjbd,,github.com/eliasmurcray/ka-notifications
opendyslexic-for-chrome, https://chromewebstore.google.com/detail/opendyslexic-for-chrome/cdnapgfjopgaggbmfgbiinmmbdcglnam,,github.com/OpenDyslexic/extension
udemy-improved-course-lib, https://chromewebstore.google.com/detail/udemy-improved-course-lib/dmlfcanjgejpgjajoiepgfglmjcnhhlh,,github.com/tadwohlrapp/udemy-improved-course-library
spoton, https://chromewebstore.google.com/detail/spoton/hnbcgkmojpjmncmplcnefjnmcbckadff,,github.com/SenpaiHunters/SpotOn
twitch-live-extension, https://chromewebstore.google.com/detail/twitch-live-extension/nlnfdlcbnpafokhpjfffmoobbejpedgj,,github.com/PedroS11/twitch-live-extension#contribution
darkbili-dark-mode-for-bi, https://chromewebstore.google.com/detail/darkbili-dark-mode-for-bi/kpjklikhldpeiibfhadeogaaeenhffba,,github.com/flanker/bilibili-dark-mode
humble-new-tab-page, https://chromewebstore.google.com/detail/humble-new-tab-page/mfgdmpfihlmdekaclngibpjhdebndhdj,,github.com/ibillingsley/HumbleNewTabPage
brainly-companion, https://chromewebstore.google.com/detail/brainly-companion/cplddgdncahafjjpimjjbghigkeabiod,,github.com/Saransh-255/Brainly-Companion
project-verses-from-bible, https://chromewebstore.google.com/detail/project-verses-from-bible/fklnkmnlobkpoiifnbnemdpamheoanpj,,github.com/nmatei/chrome-bible-utilities
convert-gmail-to-pdf-loca, https://chromewebstore.google.com/detail/convert-gmail-to-pdf-loca/kkdondhaomeongofcikoplakobapphcj,,github.com/ray-lothian/to-pdf
just-read, https://chromewebstore.google.com/detail/just-read/dgmanlpmmkibanfdgjocnabmcaclkmod,,github.com/ZachSaucier/Just-Read
atarashii-new-tab-page, https://chromewebstore.google.com/detail/atarashii-new-tab-page/dlhcacedlaiagoocbbgkeclgklanpmim,,github.com/cf12/atarashii-tab
sir-image-renamer, https://chromewebstore.google.com/detail/sir-image-renamer/gmdcgijknjodfhggamchhhejamncbgmc,,github.com/Brawlence/SIR#description
ambient-light-for-youtube, https://chromewebstore.google.com/detail/ambient-light-for-youtube/paponcgjfojgemddooebbgniglhkajkj,,github.com/WesselKroos/youtube-ambilight
apollo-poly-notes, https://chromewebstore.google.com/detail/apollo-poly-notes/ljldehojcnejofjegfaelnelacpghgag,,github.com/Hellohi3654/Apollo-Poly-Notes
fast-boo-slideshow, https://chromewebstore.google.com/detail/fast-boo-slideshow/hpijlfldendkjfhdaebnbglbiajhempp,,github.com/nowycondro/facebook-photo-slideshow
comet-reddit-comments-on, https://chromewebstore.google.com/detail/comet-reddit-comments-on/amlfbbehleledmbphnielafhieceggal,,github.com/z0ccc/comet
earthtab, https://chromewebstore.google.com/detail/earthtab/acfgpmagealjmbmhobbldfkhbcfnkhpd,,github.com/himynameisdave/EarthTab
wallhaven-extender, https://chromewebstore.google.com/detail/wallhaven-extender/kgpbgdfipipofehbijeiihelbfenieic,,github.com/RempRemp/WallhavenExtender
neethelp, https://chromewebstore.google.com/detail/neethelp/cpihmjjhjckkbpnejfecaeljopiaojjh,,github.com/erenbudur/NeetHelp
nexus-mod-image-downloade, https://chromewebstore.google.com/detail/nexus-mod-image-downloade/lejfohapodmjalgbmckfhicibabbbggl,,github.com/lazytwinkletoes/nexus-mod-image-downloader
simple-new-tab-url, https://chromewebstore.google.com/detail/simple-new-tab-url/pkklffjkfmhpoiepobbldnadjflciinb,,github.com/zach-adams/simple-new-tab-url
privacy-redirect, https://chromewebstore.google.com/detail/privacy-redirect/pmcmeagblkinmogikoikkdjiligflglb,,github.com/zedeus/nitter
mattab, https://chromewebstore.google.com/detail/mattab/anfjeecbbmmjhbpopgnhibodoblgaakj,,github.com/arcs-/MatTab
read-later, https://chromewebstore.google.com/detail/read-later/nplngmgdacdfncdkpdomipkehfnbinfa,,github.com/downloads/napsternxg
image-downloader, https://chromewebstore.google.com/detail/image-downloader/cnpniohnfphhjihaiiggeabnkjhpaldj,,github.com/PactInteractive/image-downloader
hide-ratings-imdbgoodread, https://chromewebstore.google.com/detail/hide-ratings-imdbgoodread/cnjhjnjbpedipoamajojlbfakbadgiam,,github.com/ganigeorgiev/hide-ratings-extension
csa-asst-for-saving-files, https://chromewebstore.google.com/detail/csa-asst-for-saving-files/dmoebncbmkgfpjhjikkjljmbaacncohl,,github.com/lexxai/CourseraSaveAssist
+sub, https://chromewebstore.google.com/detail/+sub/lpobdmdfgjokempajoobgfdnhjbjlnpm,,github.com/plussub/plussub
google-meet-attendees-bre, https://chromewebstore.google.com/detail/google-meet-attendees-bre/olmgpgbhojeoalaimckcpgkadjkejacl,,github.com/C4illin/Google-Meet-Attendees
saka, https://chromewebstore.google.com/detail/saka/nbdfpcokndmapcollfpjdpjlabnibjdi,,github.com/lusakasa/saka
enhanced-image-viewer, https://chromewebstore.google.com/detail/enhanced-image-viewer/hinoflbjclgnnaccbpbenmjomjmiafmc,,github.com/sblask/webextension-enhanced-image-viewer
save-to-google-photos-re, https://chromewebstore.google.com/detail/save-to-google-photos-re/abambkogbhddhefbhkplnfdhlkepfcfc,,github.com/SaveToGooglePhotos/SaveToGooglePhotos
dark-mode-for-tryhackme, https://chromewebstore.google.com/detail/dark-mode-for-tryhackme/aheaidmpdognkkmllipnnjgkkomeafle,,github.com/waelmas/tryhackme-dark-mode
better-image-preview, https://chromewebstore.google.com/detail/better-image-preview/ppidlhfhfjafihcnbahjonnoijhiembh,,github.com/symonxdd/better-image-preview
scriptsafe, https://chromewebstore.google.com/detail/scriptsafe/oiigbmnaadbkfbmpbfijlflahbdbdgdf,,github.com/andryou/scriptsafe
download-all-images, https://chromewebstore.google.com/detail/download-all-images/nnffbdeachhbpfapjklmpnmjcgamcdmm,,github.com/belaviyo/save-images
custom-calendar-backgroun, https://chromewebstore.google.com/detail/custom-calendar-backgroun/acjecbgflnhmeldadcbblhfdimhifpki,,github.com/padster/CalendarThemeExtension
ttv-aderaser, https://chromewebstore.google.com/detail/ttv-aderaser/pjnopimdnmhiaanhjfficogijajbhjnc,,github.com/LeonHeidelbach/ttv_adEraser
study-mode-youtube, https://chromewebstore.google.com/detail/study-mode-youtube/hhjnoabnlicjpahfibejifhankpfahnd,,github.com/emdh-dev/study-mode-youtube
likers-blocker, https://chromewebstore.google.com/detail/likers-blocker/melnbpmfhaejmcpfflfjmchondkpmkcj,,github.com/dmstern/likers-blocker
rekkitz+, https://chromewebstore.google.com/detail/rekkitz+/jidjocdchokabfoljbhpdiejiddilnop,,github.com/Capelinha/nimo-clean-layout
peek-preview-pdfs-office, https://chromewebstore.google.com/detail/peek-preview-pdfs-office/bfpogemllmpcpclnadighnpeeaegigjk,,github.com/corbindavenport/peek
chromegle-omegle-ip-clien, https://chromewebstore.google.com/detail/chromegle-omegle-ip-clien/gcbbaikjfjmidabapdnebofcmconhdbn,,github.com/ChromegleApp/Chromegle2
rememberry-translate-and, https://chromewebstore.google.com/detail/rememberry-translate-and/dipiagiiohfljcicegpgffpbnjmgjcnf,,github.com/skyiea/rememberry-i10n
letterboxd-text-formatter, https://chromewebstore.google.com/detail/letterboxd-text-formatter/fhodoilamkcbaconfnnagmiblgngebef,,github.com/SAMPPLUS/letterboxd-review-formatter
instagram-downloader, https://chromewebstore.google.com/detail/instagram-downloader/jhbapkbempcealhabaeicidlgbmhafmk,,github.com/cjkumaresh/instagram-downloader-chrome
flowtab, https://chromewebstore.google.com/detail/flowtab/ainabceojclhldicflamfgghhkmmcnlo,,github.com/flowshade/flowtab
php-revival, https://chromewebstore.google.com/detail/php-revival/fceclmihdanbepiogjoeiolnpkalcjpe,,github.com/php-revival/php-revival
html5-video-keyboard-shor, https://chromewebstore.google.com/detail/html5-video-keyboard-shor/llhmaciggnibnbdokidmbilklceaobae,,github.com/AjaxGb/Better-Chrome-Native-Video
redux-devtools, https://chromewebstore.google.com/detail/redux-devtools/lmhkpmbekcpmknklioeibfkpmmfibljd,,github.com/reduxjs/redux-devtools
hangouts-notifications, https://chromewebstore.google.com/detail/hangouts-notifications/fbpmaadfebbedknhmeeijeicldjlegee,,github.com/NicoSantangelo/hangouts-chrome-notifications
chhoetaigi-%E6%89%BE%E5%8F%B0%E8%AA%9E, https://chromewebstore.google.com/detail/chhoetaigi-%E6%89%BE%E5%8F%B0%E8%AA%9E/edkmnkmcckbdmiobolimneaeomiiaiah,,github.com/ChhoeTaigi/ChhoeTaigiChromeExtension
picture-in-picture-shortc, https://chromewebstore.google.com/detail/picture-in-picture-shortc/ednlokepbjfieampgfdabeglnceoheni,,github.com/corbindavenport/pip-shortcut
docsafterdark, https://chromewebstore.google.com/detail/docsafterdark/pihphjfnfjmdbhakhjifipfdgbpenobg,,github.com/waymondrang/DocsAfterDark
owo, https://chromewebstore.google.com/detail/owo/ckfodameiahfhlainaclajkgfagkpodb,,github.com/kokororin/OwO
discogs-enhancer, https://chromewebstore.google.com/detail/discogs-enhancer/fljfmblajgejeicncojogelbkhbobejn,,github.com/salcido/discogs-enhancer
oh-my-ig, https://chromewebstore.google.com/detail/oh-my-ig/glmlgaadcaohdmmpkkllhdkpjbeibond,,github.com/inDream/oh-my-ig
image-downloader-continue, https://chromewebstore.google.com/detail/image-downloader-continue/jfkjbfhcfaoldhgbnkekkoheganchiea,,github.com/kisdma/image-downloader-cnt
bookmark-iconizer, https://chromewebstore.google.com/detail/bookmark-iconizer/hbnmehpggmbpiackncinpnlgkgbgmpjk,,github.com/Kaligula0/bookmark-iconizer
calm-twitter, https://chromewebstore.google.com/detail/calm-twitter/cknklikacoaeledfaldmhabmldkldocj,,github.com/yusukesaitoh/calm-twitter
flickr-universal-header-r, https://chromewebstore.google.com/detail/flickr-universal-header-r/oicdglafmanoljpbijobnacdgdknhjdg,,github.com/bertrandom/flickr-universal-header-remover
classic-twitter-logo, https://chromewebstore.google.com/detail/classic-twitter-logo/keiaaebomajecbjhpfembkjcillhkpbg,,github.com/niclm/classic-twitter-logo
loupe-flickr-explore, https://chromewebstore.google.com/detail/loupe-flickr-explore/cklcbmdhngbbedacjmlleeilnkkgcngp,,github.com/michaeljkchoi/loupe
odoo-debug, https://chromewebstore.google.com/detail/odoo-debug/hmdmhilocobgohohpdpolmibjklfgkbi,,github.com/droggol/OdooDebug
betterseqta+, https://chromewebstore.google.com/detail/betterseqta+/afdgaoaclhkhemfkkkonemoapeinchel,,github.com/SethBurkart123/evenbetterseqta
medium-any-author-stats, https://chromewebstore.google.com/detail/medium-any-author-stats/ahepaemleacieeongldddhambknoomof,,github.com/BSalwiczek/medium-any-author-stats
album, https://chromewebstore.google.com/detail/album/obknigmaekkacdkckfeegcfiefdaeked,,github.com/projectestac/album
twitter-account-detector, https://chromewebstore.google.com/detail/twitter-account-detector/papcdbgfejihdinhieggiamjnkclhkck,,github.com/stilliard/Twitter-detector
testudo++, https://chromewebstore.google.com/detail/testudo++/fgjllkiccpfacobekfcnldelggcgnnic,,github.com/RocketSandwich/TestudoPlusPlus
laconic-hover-for-tv-trop, https://chromewebstore.google.com/detail/laconic-hover-for-tv-trop/ignndocldlheghlflchdbokagecncgmm,,github.com/spookyuser/laconic_hover
storage-area-explorer, https://chromewebstore.google.com/detail/storage-area-explorer/ocfjjjjhkpapocigimmppepjgfdecjkb,,github.com/jusio/storage-area-explorer
better-medium-stats, https://chromewebstore.google.com/detail/better-medium-stats/pdehepohihkkmeclfnlnipieffkomajc,,github.com/HcwXd/better-medium-stats
image-viewer, https://chromewebstore.google.com/detail/image-viewer/ghdcoodfcolpdebbdhbgkbodbjololfl,,github.com/hospotho/Image-Viewer
scrollmaps, https://chromewebstore.google.com/detail/scrollmaps/jifommjndpnefcfplgnbhabocomgdjjg,,github.com/mauricelam/ScrollMaps
tumblr-savior, https://chromewebstore.google.com/detail/tumblr-savior/oefddkjnflmjbclpnnoegglmmdfkidip,,github.com/bjornstar/Tumblr-Savior
quick-tabs, https://chromewebstore.google.com/detail/quick-tabs/jnjfeinjfmenlddahdjdmgpbokiacbbb,,github.com/babyman/quick-tabs-chrome-extension
bbc-dark, https://chromewebstore.google.com/detail/bbc-dark/bdifipamjgmfefcpemmlppcmcdjndhig,,github.com/Recol/BBC-Dark
dezoomify, https://chromewebstore.google.com/detail/dezoomify/iapjjopjejpelnfdonefbffahmcndfbm,,github.com/lovasoa/dezoomify
medium-enhanced-stats, https://chromewebstore.google.com/detail/medium-enhanced-stats/jnomnfoenpdinfkpaaigokicgcfkomjo,,github.com/tomastrajan/medium-enhanced-stats
tab-close-gold, https://chromewebstore.google.com/detail/tab-close-gold/blhbohajaekmpblcffpkpogkhkmmbbhf,,github.com/mukunku/Tab-Close-Gold
daily-bible-verse, https://chromewebstore.google.com/detail/daily-bible-verse/hbcnmbidfinkocndbbchppnnnmlcdocl,,github.com/datvm/DailyBibleVerse
itsosticky-screen-capture, https://chromewebstore.google.com/detail/itsosticky-screen-capture/igaopnngccagbhclcohemceikfoeeaco,,github.com/itsosticky/itso_capture
night-mode-bible, https://chromewebstore.google.com/detail/night-mode-bible/ebiieffikaglhelcnogmmijmlejdhngk,,github.com/JosNun/night-mode-bible
2-cool-4-you, https://chromewebstore.google.com/detail/2-cool-4-you/jjjcmnhhhhoemaehhbhipcoammldhjip,,github.com/yungfred/2-cool-4-you
share-to-mastodon, https://chromewebstore.google.com/detail/share-to-mastodon/bibnjflclpdmbbcncejifemmbggkcjde,,github.com/corbindavenport/share-to-mastodon
semanticfinder, https://chromewebstore.google.com/detail/semanticfinder/ddmgffoffelnhnonpoiblaoboaeieejl,,github.com/do-me/SemanticFinder
canvas-final-grade-calcul, https://chromewebstore.google.com/detail/canvas-final-grade-calcul/dmbbpohkjofcbbibpfjmhobfebgckihm,,github.com/leongmichael/CanvasFinalGradeCalculator
find-on-reddit, https://chromewebstore.google.com/detail/find-on-reddit/jbcdpeekakanklckgooknpbonojhjncm,,github.com/AdeelH/find-on-reddit
png-optimizer, https://chromewebstore.google.com/detail/png-optimizer/mbdicaikmgcmncjomjpmmepdmnpplccc,,github.com/LI-NA/optipng.js
seen-blocker, https://chromewebstore.google.com/detail/seen-blocker/gchmppebfedehcmemdmhojamlnanmafn,,github.com/MicahNus/Seen-Blocker
cookie-editor, https://chromewebstore.google.com/detail/cookie-editor/hlkenndednhfkekhgcdicdfddnkalmdm,,github.com/Moustachauve/cookie-editor
topscroll, https://chromewebstore.google.com/detail/topscroll/hnninpkmflibadgihijdmlilikhdgajj,,github.com/sv3k/topscroll
webrtc-leak-killer, https://chromewebstore.google.com/detail/webrtc-leak-killer/japjbgpadlgeagbegagkfccjpfnadgeb,,github.com/dvorakj31/webrtc_extension
erp-quick-actions, https://chromewebstore.google.com/detail/erp-quick-actions/majholifapnemhnnollokllmmopdiaba,,github.com/ruanfdev/erp_quick_actions
material-icons-for-github, https://chromewebstore.google.com/detail/material-icons-for-github/bggfcpfjbdkhfhfmkjpbhnkhnpjjeomc,,github.com/PKief/vscode-material-icon-theme
url-in-title, https://chromewebstore.google.com/detail/url-in-title/ignpacbgnbnkaiooknalneoeladjnfgb,,github.com/guilryder/chrome-extensions
silver-magpie, https://chromewebstore.google.com/detail/silver-magpie/fodacnnlggakjhanpmjacokgpngeeabi,,github.com/lazamar/silver-magpie
pushpin, https://chromewebstore.google.com/detail/pushpin/oeccdogiekfcglkneepeaodoendiikic,,github.com/szhu/pushpin
minim, https://chromewebstore.google.com/detail/minim/kpblgdhkligkbbnbpkigppblggflihgn,,github.com/avinayak/minim
old-twitter-layout-2024, https://chromewebstore.google.com/detail/old-twitter-layout-2024/jgejdcdoeeabklepnkdbglgccjpdgpmf,,github.com/dimdenGD/OldTwitter
the-green-web, https://chromewebstore.google.com/detail/the-green-web/ekiibapogjgmlhlhpoalbppfhhgkcogc,,github.com/thegreenwebfoundation/web-extension
web-maker, https://chromewebstore.google.com/detail/web-maker/lkfkkhfhhdkiemehlpkgjeojomhpccnh,,github.com/chinchang/web-maker
tab-muter, https://chromewebstore.google.com/detail/tab-muter/bnclejfcblondkjliiblkojdeloomadd,,github.com/sersorrel/mute-tab
reddit-post-notifier, https://chromewebstore.google.com/detail/reddit-post-notifier/hoolgoecmeegpbidbbcefgkjegdejibd,,github.com/flytaly/reddit-post-notifier
canvas-strikethrough, https://chromewebstore.google.com/detail/canvas-strikethrough/cnohgbfhedbjkglpkfbjhiikjemcjhng,,github.com/da-stoi/canvas-strikethrough
aria-devtools, https://chromewebstore.google.com/detail/aria-devtools/dneemiigcbbgbdjlcdjjnianlikimpck,,github.com/ziolko/aria-devtools
favicon-detector, https://chromewebstore.google.com/detail/favicon-detector/jlfeffjhgmgblofcgpbgpkkhfniipejm,,github.com/BlackGlory/favicon-detector
mal-sync, https://chromewebstore.google.com/detail/mal-sync/kekjfbackdeiabghhcdklcdoekaanoel,,github.com/MALSync/MALSync#mal-sync
betterviewer, https://chromewebstore.google.com/detail/betterviewer/llcpfkbjgkpmapiidpnohffjmmnhpmpb,,github.com/Ademking/BetterViewer
udemy-tests-immediate-sin, https://chromewebstore.google.com/detail/udemy-tests-immediate-sin/impkpjdfeefjjoohgoiilbhidjjkeehj,,github.com/santriseus/review-mode-for-udemy-tests
shoot-the-messenger, https://chromewebstore.google.com/detail/shoot-the-messenger/lkhmjelfhkidbekjkghmbacoaolbcmep,,github.com/theahura/shoot-the-messenger
down-all-images, https://chromewebstore.google.com/detail/down-all-images/hhmmkooabfefibpnhfbblbajfccfoilp,,github.com/Rookev/ImageDownloader
twitter-ui-customizer, https://chromewebstore.google.com/detail/twitter-ui-customizer/hpmhdmlhnppmmipefebkhkbpdcjiidmh,,github.com/kaonasi-biwa/Twitter-UI-Customizer
search-image-with-yandex, https://chromewebstore.google.com/detail/search-image-with-yandex/mpcooeefegelfehalmefdeojlkinjjho,,github.com/tenRabbits/extension-search-image-with-yandex
tab-saver, https://chromewebstore.google.com/detail/tab-saver/bcolcolejgecmpoklbikgcecpmchnkhh,,github.com/Egrodo/tab-saver-chrome-extension
tab-master-5000, https://chromewebstore.google.com/detail/tab-master-5000/mippmhcfjhliihkkdobllhpdnmmciaim,,github.com/jaszhix/tab-master-5000-chrome-extension
sponsorblock-for-youtube, https://chromewebstore.google.com/detail/sponsorblock-for-youtube/mnjggcdmjocbbbhaepdhchncahnbgone,,github.com/ajayyy/SponsorBlock
gofullpage-full-page-scre, https://chromewebstore.google.com/detail/gofullpage-full-page-scre/fdpohaocaechififmbbbbbknoalclacl,,github.com/mrcoles/full-page-screen-capture-chrome-extension
enhanced-github, https://chromewebstore.google.com/detail/enhanced-github/anlikcnbgdeidpacdbdljnabclhahhmd,,github.com/softvar/enhanced-github
whalevault, https://chromewebstore.google.com/detail/whalevault/hcoigoaekhfajcoingnngmfjdidhmdon,,github.com/alexpmorris/whalevault
threads-for-youtube, https://chromewebstore.google.com/detail/threads-for-youtube/npbmhogimiolmklafhlpbifkjinoadkh,,github.com/a-bravo/threads-for-youtube
better-youtube-shorts, https://chromewebstore.google.com/detail/better-youtube-shorts/pehohlhkhbcfdneocgnfbnilppmfncdg,,github.com/ynshung/better-yt-shorts
outline-quick-notes, https://chromewebstore.google.com/detail/outline-quick-notes/jnjimmfigcmfgpnkejeegliidonlefdf,,github.com/shubhamV123/outline
mokku, https://chromewebstore.google.com/detail/mokku/llflfcikklhgamfmnjkgpdadpmdplmji,,github.com/mukuljainx/Mokku
solid-devtools, https://chromewebstore.google.com/detail/solid-devtools/kmcfjchnmmaeeagadbhoofajiopoceel,,github.com/thetarnav/solid-devtools
lighthouse, https://chromewebstore.google.com/detail/lighthouse/blipmdconlkpinefehnmjammfjpmpbjk,,github.com/GoogleChrome/lighthouse
better-twitter, https://chromewebstore.google.com/detail/better-twitter/illmpnnkeobcgnnjghammeohfjpjoljp,,github.com/oslego/better-twitter
mdn-search, https://chromewebstore.google.com/detail/mdn-search/ffpifaemeofjmncjdbegmbpcdaemkeoc,,github.com/ChaitanyaPramod/mdn-search
behind, https://chromewebstore.google.com/detail/behind/blfpdedbdighagggfhgihcocfheicfjk,,github.com/kubuzetto/behind
photo-of-the-day-clock, https://chromewebstore.google.com/detail/photo-of-the-day-clock/kfokfhaepfjlmbfnmjgiolodammikojh,,github.com/kemunpus/PotdClock>
tab-keeper-chrome-tab-man, https://chromewebstore.google.com/detail/tab-keeper-chrome-tab-man/gpibgniomobngodpnikhheifblbpbbah,,github.com/justine-george/tab-keeper-react-chrome-extension
code-medium, https://chromewebstore.google.com/detail/code-medium/dganoageikmadjocbmklfgaejpkdigbe,,github.com/Maluen/code-medium
scroll-to-top-button, https://chromewebstore.google.com/detail/scroll-to-top-button/chinfkfmaefdlchhempbfgbdagheknoj,,github.com/PoziWorld/Scroll-To-Top-Button-extension
pixiv-tool, https://chromewebstore.google.com/detail/pixiv-tool/midohckdddplmkihkkdaacbjpmgkjbhk,,github.com/chengyuhui/PixivTool
meteor-devtools-evolved, https://chromewebstore.google.com/detail/meteor-devtools-evolved/ibniinmoafhgbifjojidlagmggecmpgf,,github.com/leonardoventurini/meteor-devtools-evolved
github-html-preview, https://chromewebstore.google.com/detail/github-html-preview/pmpjligbgooljdpakhophgddmcipglna,,github.com/dohyeon5626/github-html-preview-extension
json-formatter, https://chromewebstore.google.com/detail/json-formatter/bcjindcccaagfpapjjmafapmmgkkhgoa,,github.com/callumlocke/json-formatter
twitch-radio-mode, https://chromewebstore.google.com/detail/twitch-radio-mode/dbojkfdnamfipdnlknbpjphemjnldeoo,,github.com/c-rainbow/twitch-audio-web
homely, https://chromewebstore.google.com/detail/homely/fplghnonomhbnlhdnmjpipoomkjdpeim,,github.com/Terrance/Homely
ember-inspector, https://chromewebstore.google.com/detail/ember-inspector/bmdblncegkenkacieihfhpjfppoconhi,,github.com/emberjs/ember-inspector
atomio-%E2%80%94-image-fixer, https://chromewebstore.google.com/detail/atomio-%E2%80%94-image-fixer/dckhejcdhaojgaafhjmeengkkilgejma,,github.com/nlydv/atom-io-imgfix
codext, https://chromewebstore.google.com/detail/codext/mghlpehggoiecmpcdadkdbeofcheghcc,,github.com/bbc/codext
hover-zoom+, https://chromewebstore.google.com/detail/hover-zoom+/pccckmaobkjjboncdfnnofkonhgpceea,,github.com/extesy/hoverzoom
library-detector-academic, https://chromewebstore.google.com/detail/library-detector-academic/liedgiagjapaehficeimmjcemnknmdfp,,github.com/aaronxyliu/PTV
modheader-modify-http-hea, https://chromewebstore.google.com/detail/modheader-modify-http-hea/idgpnmonknjnojddfkpgkljpfnnfcklj,,github.com/modheader/modheader_selenium
letxpath, https://chromewebstore.google.com/detail/letxpath/bekehlnepmijedippfibbmbglglbmlgk,,github.com/ortoniKC/LetXPath
wherebycomappearin-meetin, https://chromewebstore.google.com/detail/wherebycomappearin-meetin/kamcahcpkdbdhphbnhblmcgemhbhbohm,,github.com/treffynnon/whereby-com-helper-browser-extension
inssman-open-source-modif, https://chromewebstore.google.com/detail/inssman-open-source-modif/ghlpdbkhlenlfiglgphledhfhchjfjfk,,github.com/vvmgev/Inssman
user-agent-switcher-and-m, https://chromewebstore.google.com/detail/user-agent-switcher-and-m/bhchdcejhohfmigjafbampogmaanbfkg,,github.com/ray-lothian/UserAgent-Switcher
habitlab, https://chromewebstore.google.com/detail/habitlab/obghclocpdgcekcognpkblghkedcpdgd,,github.com/habitlab/habitlab
asanatabs, https://chromewebstore.google.com/detail/asanatabs/ldfaccjdcphlaodakclpiomadaakoobd,,github.com/kamesstory/asanatabs-react
website-server-ip-support, https://chromewebstore.google.com/detail/website-server-ip-support/jgldaddniioegealakjcfjefbngfoien,,github.com/ben8p/WebsiteIP
shut-up-comment-blocker, https://chromewebstore.google.com/detail/shut-up-comment-blocker/oklfoejikkmejobodofaimigojomlfim,,github.com/panicsteve/shutup-css
validity, https://chromewebstore.google.com/detail/validity/bbicmjjbohdfglopkidebfccilipgeif,,github.com/renyard/validity
environment-indicator, https://chromewebstore.google.com/detail/environment-indicator/kgdbcpllbbnimjgoiomfdebldcofmlbl,,github.com/gaoliang/env-indicator
link-map, https://chromewebstore.google.com/detail/link-map/jappgmhllahigjolfpgbjdfhciabdnde,,github.com/GarinZ/link-map
profstats-ut-dallas, https://chromewebstore.google.com/detail/profstats-ut-dallas/doilmgfedjlpepeaolcfpdmkehecdaff,,github.com/GiridharRNair/ProfStatsUTD
dev-mark, https://chromewebstore.google.com/detail/dev-mark/bnpplihcampoabjlbcchijpcinnjdbjp,,github.com/yoshimaru46/dev-mark
dataslayer, https://chromewebstore.google.com/detail/dataslayer/ikbablmmjldhamhcldjjigniffkkjgpo,,github.com/sean-adams/dataslayer
enlarge-profile-image-for, https://chromewebstore.google.com/detail/enlarge-profile-image-for/aadbfahejpbhdndmnfkimgfilobdbnfo,,github.com/eladnava/enlarge-profile-image-for-youtube
trendcat, https://chromewebstore.google.com/detail/trendcat/efpdjmbhdeindmfegilaloknlpfloefd,,github.com/ergenekonyigit/trendcat
css-selector-capture-pro, https://chromewebstore.google.com/detail/css-selector-capture-pro/cpnkcffhllafbdbljkmhebnpbnlhapmd,,github.com/CharltonC/chrome-css-selector-capture
zilpay, https://chromewebstore.google.com/detail/zilpay/klnaejjgbibmhlephnhpmaofohgkpgkd,,github.com/zilpay/zil-pay
heads-up, https://chromewebstore.google.com/detail/heads-up/ajjdmakdoicbgmgoacfmlplnefljpcke,,github.com/voorhoede/heads-up
twitter-real-verified, https://chromewebstore.google.com/detail/twitter-real-verified/jgpfnkhpecliocnopchaoogpmnejlghn,,github.com/travisbrown/b50d6745298cccd6b1f4697e4ec22103
proxy-switchyomega, https://chromewebstore.google.com/detail/proxy-switchyomega/padekgcemlokbadohgkifijomclgjgif,,github.com/FelisCatus/SwitchyOmega
growthbook-devtools, https://chromewebstore.google.com/detail/growthbook-devtools/opemhndcehfgipokneipaafbglcecjia,,github.com/growthbook/growthbook
twitter-view-count-remove, https://chromewebstore.google.com/detail/twitter-view-count-remove/kacedphpmelngnhgodfbnemedkbbiajj,,github.com/jfdelarosa/twitter-view-count-remover
stylus, https://chromewebstore.google.com/detail/stylus/clngdbkpkpeebahjckkjfobafhncgmne,,github.com/openstyles/stylus
feedly-notifier, https://chromewebstore.google.com/detail/feedly-notifier/egikgfbhipinieabdmcpigejkaomgjgb,,github.com/olsh/Feedly-Notifier
web-edit, https://chromewebstore.google.com/detail/web-edit/kcjhkbajobnhihpodnphdndhmniglmpc,,github.com/RyanLua/WebEdit
javadoc-search-frame, https://chromewebstore.google.com/detail/javadoc-search-frame/mfgkihmpcjjnijmkchojlbccbmhcdfcd,,github.com/StevenGBrown/javadoc-search-frame
%C4%8Desk%C3%BD-rozhlas-%C5%BEiv%C3%A9-vys%C3%ADl%C3%A1, https://chromewebstore.google.com/detail/%C4%8Desk%C3%BD-rozhlas-%C5%BEiv%C3%A9-vys%C3%ADl%C3%A1/pabnkkickeooekdkeikljpooaidiiggi,,github.com/virae/cro-google-chrome
image-upscaler, https://chromewebstore.google.com/detail/image-upscaler/gmlpefcldkdncjphjmojnakmphpcjemm,,github.com/thekevinscott/UpscalerJS
google-tag-manager-blocke, https://chromewebstore.google.com/detail/google-tag-manager-blocke/enpcfefpndigimneblibaglgcgjkedfn,,github.com/tommyrharper/gtm-disabler-chrome
link-roamer, https://chromewebstore.google.com/detail/link-roamer/lgcgflalbmeodapiohjepkjlgipmhofe,,github.com/rossmoody/link-roamer
cssviewer, https://chromewebstore.google.com/detail/cssviewer/ggfgijbpiheegefliciemofobhmofgce,,github.com/miled/cssviewer
picket-line-notifier, https://chromewebstore.google.com/detail/picket-line-notifier/mbehfdoomcmpbejngdojlocpkgjacppl,,github.com/jamespizzurro/picket-line-notifier
xoroshocom-+, https://chromewebstore.google.com/detail/xoroshocom-+/plogjmalladgjgnacgpnccmkocbdcoab,,github.com/onikienko/xorosho.com
nyzo, https://chromewebstore.google.com/detail/nyzo/hiakfpoofhkpahdhabmfknbdedlcopbg,,github.com/n-y-z-o/chromeExtension
tamper-dev, https://chromewebstore.google.com/detail/tamper-dev/mdemppnhjflbejfbnlddahjbpdbeejnn,,github.com/google/tamperchrome
dotgit, https://chromewebstore.google.com/detail/dotgit/pampamgoihgcedonnphgehgondkhikel,,github.com/davtur19/DotGit
svg-to-base64, https://chromewebstore.google.com/detail/svg-to-base64/eelfklplkohmhhmlfciodaljeeijoelf,,github.com/yoksel/url-encoder
buzz-phone-for-google-chr, https://chromewebstore.google.com/detail/buzz-phone-for-google-chr/hkpciegbnpmpbpodnloafnoinjpbmakp,,github.com/grahambrown11/buzz-star
porno-porn-blocker-beta, https://chromewebstore.google.com/detail/porno-porn-blocker-beta/fnfchnplgejcfmphhboehhlpcjnjkomp,,github.com/mrvivacious/PorNo-_Porn_Blocker
hackertabdev-developer-ne, https://chromewebstore.google.com/detail/hackertabdev-developer-ne/ocoipcahhaedjhnpoanfflhbdcpmalmp,,github.com/medyo/hackertab.dev
responsive-viewer, https://chromewebstore.google.com/detail/responsive-viewer/inmopeiepgfljkpkidclfgbgbmfcennb,,github.com/skmail/responsive-viewer
notifier-for-gmail, https://chromewebstore.google.com/detail/notifier-for-gmail/dcjichoefijpinlfnjghokpkojhlhkgl,,github.com/inbasic/ignotifier
advanced-extension-reload, https://chromewebstore.google.com/detail/advanced-extension-reload/hagknokdofkmojolcpbddjfdjhnjdkae,,github.com/loftyshaky/advanced-extension-reloader
webpagetest-recorder-exte, https://chromewebstore.google.com/detail/webpagetest-recorder-exte/eklpnjohdjknellndlnepihjnhpaimok,,github.com/WebPageTest/recorder-to-webpagetest-chrome-extension
feedbinme, https://chromewebstore.google.com/detail/feedbinme/obchngnapdeffbdcaonhlobekdfeoekg,,github.com/hbmartin/chrome-feedbin
live-rss-bookmarks, https://chromewebstore.google.com/detail/live-rss-bookmarks/hdabapllcefknagcjlhcpbnlnkbofndn,,github.com/davidhampgonsalves/Live-RSS-Bookmarks
grid-view-for-github, https://chromewebstore.google.com/detail/grid-view-for-github/ecmbjjghcphgnpalajeabaedhfkpghdn,,github.com/sapondanaisriwan/github-grid-view
searx-search-provider, https://chromewebstore.google.com/detail/searx-search-provider/hmbgmokpddhjjncclckdfnolbhfjnoam,,github.com/AlejandroAkbal/SearX-Search-Provider-Extension
consent-o-matic, https://chromewebstore.google.com/detail/consent-o-matic/mdjildafknihdffpkfmmpnpoiajfjnjd,,github.com/cavi-au/Consent-O-Matic
word-editor, https://chromewebstore.google.com/detail/word-editor/fehbhooigaekgcjecehkiflmflofpdke,,github.com/tinymce/tinymce
rssr-rss-feed-notifier, https://chromewebstore.google.com/detail/rssr-rss-feed-notifier/meaiakcahjfecljnnnjbmnmdmofbjgmg,,github.com/samrum/RssR
spantree, https://chromewebstore.google.com/detail/spantree/gcjikeldobhnaglcoaejmdlmbienoocg,,github.com/tavyandy97/span-tree
stackinspector, https://chromewebstore.google.com/detail/stackinspector/ebegedldiiikipjiaggiopgmaomdacgi,,github.com/teslae1/stackinspector
foxyproxy, https://chromewebstore.google.com/detail/foxyproxy/gcknhkkoolaabfmlnjonogaaifnjlfnp,,github.com/foxyproxy/browser-extension
little-star-github-stars, https://chromewebstore.google.com/detail/little-star-github-stars/kmjfdonmflchjdlmeoecbmebfpnafpec,,github.com/alianrock/LittleStar
optmeowt, https://chromewebstore.google.com/detail/optmeowt/hdbnkdbhglahihjdbodmfefogcjbpgbo,,github.com/privacy-tech-lab/gpc-optmeowt
cypress-recorder, https://chromewebstore.google.com/detail/cypress-recorder/glcapdcacdfkokcmicllhcjigeodacab,,github.com/KabaLabs/Cypress-Recorder
send-page, https://chromewebstore.google.com/detail/send-page/higemadklcnjhjpgcbnnbpgeeippjjcp,,github.com/stadler/SendPage
cloudwatch-synthetics-rec, https://chromewebstore.google.com/detail/cloudwatch-synthetics-rec/bhdnlmmgiplmbcdmkkdfplenecpegfno,,github.com/checkly/headless-recorder
nerblock, https://chromewebstore.google.com/detail/nerblock/bbgijohahnomapldaekoockmiilhgfdp,,github.com/444hsz/444hsz-nerblock
dimensions, https://chromewebstore.google.com/detail/dimensions/baocaagndhipibgklemoalmkljaimfdj,,github.com/mrflix/dimensions
ping-blocker, https://chromewebstore.google.com/detail/ping-blocker/jkpocifanmihboebfhigkjcdihgfcdnb,,github.com/dessant/ping-blocker
feedly-filter, https://chromewebstore.google.com/detail/feedly-filter/knmganefaaffehhmibggliimfdolmpba,,github.com/thowi/feedly-filter-chrome-extension
audio-pipes, https://chromewebstore.google.com/detail/audio-pipes/ebmfdpppokkplmndpamkhbmochcdlefp,,github.com/JanMisker/Audio-Pipes
lilimit, https://chromewebstore.google.com/detail/lilimit/opbckjpgnijalnbanlpgaolmegdmajob,,github.com/jonis100/LiLimit
positionable, https://chromewebstore.google.com/detail/positionable/hcakmjkjjgaehnnflnelfngbhnppgnpp,,github.com/andrewplummer/Positionable
raccoon-temporary-disposa, https://chromewebstore.google.com/detail/raccoon-temporary-disposa/ccdeeemajicjhdldloahdddilalegklp,,github.com/rafaelmunozan/Raccoon
weather-forecast, https://chromewebstore.google.com/detail/weather-forecast/ofobaelkgcpicbdoabokjlnmdcbjellg,,github.com/alexis-jaksone/forecast-plus
passlok-for-email, https://chromewebstore.google.com/detail/passlok-for-email/ehakihemolfjgbbfhkbjgahppbhecclh,,github.com/fruiz500/PassLok4email
emoji-reactions-for-githu, https://chromewebstore.google.com/detail/emoji-reactions-for-githu/lpnemaljfnjdoiinabghjhlfekceakpf,,github.com/axolo-co/developer-resources
cnn-chrome-extension, https://chromewebstore.google.com/detail/cnn-chrome-extension/lbfjecjnndgobkgagllainiphdbhhalg,,github.com/dvliman/cnn-chrome-extension
censor-tracker-%E2%80%93-proxy-fo, https://chromewebstore.google.com/detail/censor-tracker-%E2%80%93-proxy-fo/gaidoampbkcknofoejhnhbhbhhifgdop,,github.com/censortracker/censortracker
passwordmaker-pro, https://chromewebstore.google.com/detail/passwordmaker-pro/lnhofcfhehhcbccpmdmdpjncdoihmkkh,,github.com/passwordmaker/chrome-passwordmaker
chinese-words-separator-c, https://chromewebstore.google.com/detail/chinese-words-separator-c/gacfacdpfimbkgcnlegknnmcccjgcbnp,,github.com/ssb22/CedPane
encryptor, https://chromewebstore.google.com/detail/encryptor/feolajpinjjfikmmeknkdjbllbppojij,,github.com/4thtech/encryptor-extension
social-habit-disruption, https://chromewebstore.google.com/detail/social-habit-disruption/ckplbiibhpgbgmkkompjadpjhojkbail,,github.com/maxkirchoff/social-habit-disruption
requestly-intercept-modif, https://chromewebstore.google.com/detail/requestly-intercept-modif/mdnleldcmiljblolnjhpnblkcekpdkpa,,github.com/requestly/requestly
hubspot-developer-extensi, https://chromewebstore.google.com/detail/hubspot-developer-extensi/gebemkdecnlgbcanplbgdpcffpdnfdfo,,github.com/TheWebTech/HubSpot-Developer-Extension
virtual-json-viewer, https://chromewebstore.google.com/detail/virtual-json-viewer/cipnpfcceoapeahdgomheoecidglopld,,github.com/paolosimone/virtual-json-viewer#keyboard-shortcuts
sourcegraph, https://chromewebstore.google.com/detail/sourcegraph/dgjhfomjieaadpoljlnidmbgkdffpack,,github.com/gorilla/mux
myshows-tv-show-tracker, https://chromewebstore.google.com/detail/myshows-tv-show-tracker/lcdinflfffodmodbkhaijglgjpeefodo,,github.com/flytaly/myshows-tracker
block-site, https://chromewebstore.google.com/detail/block-site/lebiggkccaodkkmjeimmbogdedcpnmfb,,github.com/ray-lothian/Block-Site
svgomg, https://chromewebstore.google.com/detail/svgomg/lalnbaaeaipofapafgocoakbhlpbnocl,,github.com/jakearchibald/svgomg
hacker-news-sorter, https://chromewebstore.google.com/detail/hacker-news-sorter/anmdmfcnlenkjbiffghfjglgjpchneeo,,github.com/thejspr/hacker-news-sorter
dev-essentials, https://chromewebstore.google.com/detail/dev-essentials/dokmlpbbanhdpkjfaibnadaebogcdgoi,,github.com/hardikk2002/Dev-Essentials
umatrix, https://chromewebstore.google.com/detail/umatrix/ogfcmafjalglgifnmanfmnieipoejdcf,,github.com/gorhill/uMatrix
corona-tracker, https://chromewebstore.google.com/detail/corona-tracker/ikijbjphceaapcgigpdejijgphdcnide,,github.com/mazik/corona
npr-player, https://chromewebstore.google.com/detail/npr-player/pflcdcelbkdhfjglfpgiodfknhpdcmjl,,github.com/fabe/npr
fantasylink, https://chromewebstore.google.com/detail/fantasylink/pghfoglbgdeknkjcmilhkidfdkgenfdi,,github.com/sglantz/FantasyLink
designr, https://chromewebstore.google.com/detail/designr/llojjggmiihgebjhofkcedffdfdfeegn,,github.com/ANG13T/designr
vocabularycom-enhancer, https://chromewebstore.google.com/detail/vocabularycom-enhancer/diddacjdgklfjgnlmknacnakjcgdiegn,,github.com/th0rgall/voc-enhancer
woke-respect, https://chromewebstore.google.com/detail/woke-respect/opnebfbgbhbndpmaeoiohhjnbjjbejlm,,github.com/Brianfit/woke-respect
word-replacer-max, https://chromewebstore.google.com/detail/word-replacer-max/gnemoflnihonmkiacnagnbnlppkamfgo,,github.com/dan-lovelace/word-replacer-max
xc-ski-strava, https://chromewebstore.google.com/detail/xc-ski-strava/jkelaffnfnkacniggckfieeckchomdgf,,github.com/RomanKovalev/XC-Ski-Strava
nameinserter, https://chromewebstore.google.com/detail/nameinserter/jhcjpmnikljjacpclfgcdbcemhfojkeb,,github.com/MarsX-dev/GrowthX
video-maximizer, https://chromewebstore.google.com/detail/video-maximizer/cdnlfphfngnfhjcnoikfhaomaaflaiie,,github.com/trophygeek/universalvideomaximizer
vytal-spoof-timezone-geol, https://chromewebstore.google.com/detail/vytal-spoof-timezone-geol/ncbknoohfjmcfneopnfkapmkblaenokb,,github.com/vytal-io/vytal-extension
linkclump, https://chromewebstore.google.com/detail/linkclump/lfpjkncokllnfokkgpkobnkbkmelfefj,,github.com/benblack86/linkclump
pixel-perfect-pro, https://chromewebstore.google.com/detail/pixel-perfect-pro/nnhifpoojdlddpnhjbhiagddgckpmpfb,,github.com/max-ivaneychyk/chrome-extension-pixel-perfect-pro
btc-price-bage-tracker, https://chromewebstore.google.com/detail/btc-price-bage-tracker/konlmcdlofpoegdkbjocdfojejmfkfbo,,github.com/ProHronus/BTC-Tracker
download-blocker, https://chromewebstore.google.com/detail/download-blocker/kippogcnigegkjidkpfpaeimabcoboak,,github.com/SecurityJosh/DownloadBlocker
advanced-profanity-filter, https://chromewebstore.google.com/detail/advanced-profanity-filter/piajkpdbaniagacofgklljacgjhefjeh,,github.com/FrostCo/AdvancedProfanityFilter
twitch-in-twitch, https://chromewebstore.google.com/detail/twitch-in-twitch/khjnemehcblfobbhkhlmjjeionfabgab,,github.com/fuzzysound/twitch-in-twitch
saml-chrome-panel, https://chromewebstore.google.com/detail/saml-chrome-panel/paijfdbeoenhembfhkhllainmocckace,,github.com/milton-lai/saml-chrome-panel
json-viewer, https://chromewebstore.google.com/detail/json-viewer/gbmdgpbipfallnflgajpaliibnhdgobh,,github.com/tulios/json-viewer
niconico-peppermint+, https://chromewebstore.google.com/detail/niconico-peppermint+/oeadnodbjplclhibppgkkijomgcgochf,,github.com/castella-cake/niconico-peppermint-extension
wayback-everywhere, https://chromewebstore.google.com/detail/wayback-everywhere/heienainncnjjejmamdkmbbfmblpffjj,,github.com/gkrishnaks/WaybackEverywhere-Firefox
ultrawidify, https://chromewebstore.google.com/detail/ultrawidify/dndehlekllfkaijdlokmmicgnlanfjbi,,github.com/tamius-han/ultrawidify
yi-translate, https://chromewebstore.google.com/detail/yi-translate/faljelicjmfoeappigahkpajbfbkimpj,,github.com/lyldev/yi-translate
emailgenius%E2%80%94chatgpt-for-g, https://chromewebstore.google.com/detail/emailgenius%E2%80%94chatgpt-for-g/fiobiagmnhhaeoeejglkimpgdkpdjobb,,github.com/morninj/EmailGenius
rbkweb-ultimate-survival, https://chromewebstore.google.com/detail/rbkweb-ultimate-survival/cbacnmeibpjjloadmiednkfdhbejfeha,,github.com/RosenborgSupporterSoftware/RUSK
twitter-bookmarks-search, https://chromewebstore.google.com/detail/twitter-bookmarks-search/flkokionhgagpmnhlngldhbfnblmenen,,github.com/flybayer/twitter-bookmarks-search
link-to-text-fragment, https://chromewebstore.google.com/detail/link-to-text-fragment/pbcodcjpfjdpcineamnnmbkkmkdpajjg,,github.com/GoogleChromeLabs/link-to-text-fragment
global-speed, https://chromewebstore.google.com/detail/global-speed/jpbjcnkcffbooppibceonlgknpkniiff,,github.com/polywock/globalSpeed
covid-19-footprint-corona, https://chromewebstore.google.com/detail/covid-19-footprint-corona/bakaphloijegjkaiekokeoffjnjocahn,,github.com/abircb/covid19-footprint
neat-url, https://chromewebstore.google.com/detail/neat-url/jchobbjgibcahbheicfocecmhocglkco,,github.com/Smile4ever/Neat-URL
notion+-mark-manager, https://chromewebstore.google.com/detail/notion+-mark-manager/hipgmnlpnimedfepbfbfiaobohhffcfc,,github.com/yeefun/notion-mark-manager
jetbrains-toolbox-extensi, https://chromewebstore.google.com/detail/jetbrains-toolbox-extensi/offnedcbhjldheanlbojaefbfbllddna,,github.com/JetBrains/toolbox-browser-extension
time-is-money, https://chromewebstore.google.com/detail/time-is-money/ooppbnomdcjmoepangldchpmjhkeendl,,github.com/phrazzld/timeismoney
cents-per-point-calculato, https://chromewebstore.google.com/detail/cents-per-point-calculato/aooonnakeledklokiadkcoiocbheakhb,,github.com/mitchell3301/cents-per-point
nsfw-filter, https://chromewebstore.google.com/detail/nsfw-filter/kmgagnlkckiamnenbpigfaljmanlbbhh,,github.com/nsfw-filter/nsfw-filter
windscribe-experimental-m, https://chromewebstore.google.com/detail/windscribe-experimental-m/fgcngeihbacfndglmmmdkkdlhgndkaaf,,github.com/Windscribe/browser-extension-mv3
music-of-minecraft, https://chromewebstore.google.com/detail/music-of-minecraft/piidlenoacbeeecjfdkjcgcienfgnkjn,,github.com/zsmith3/Music-of-Minecraft-Chrome-Extension
lm-note-generator-for-esp, https://chromewebstore.google.com/detail/lm-note-generator-for-esp/ahcblhpcealjpkmndgmkdnebbjakicno,,github.com/jpmayer/fantasy-chrome-extension
gitrec, https://chromewebstore.google.com/detail/gitrec/eihokbaeiebdenibjophfipedicippfl,,github.com/gorse-io/gitrec
%E5%BE%AE%E5%8D%9A%E6%89%A9%E5%B1%95, https://chromewebstore.google.com/detail/%E5%BE%AE%E5%8D%9A%E6%89%A9%E5%B1%95/npegohlaijfkhcjahlgddhanhimeoibn,,github.com/loo-y/weibo-extend
bulk-url-opener, https://chromewebstore.google.com/detail/bulk-url-opener/kgnfciolbjojfdbbelbdbhhocjmhenep,,github.com/EuanRiggans/BulkURLOpener
hackernew, https://chromewebstore.google.com/detail/hackernew/lgoghlndihpmbbgmbpjohilcphbfhddd,,github.com/tommoor/HackerNew
music-visualizer-for-yout, https://chromewebstore.google.com/detail/music-visualizer-for-yout/ofhohcappnjhojpboeamfijglinngdnb,,github.com/GreysonFlippo1/MusicVisualizer
image-to-text-for-chatgpt, https://chromewebstore.google.com/detail/image-to-text-for-chatgpt/kihikabndlcbnpbgjapkhlonoddholga,,github.com/Tshetrim/Image-To-Text-OCR-extension-for-ChatGPT
scientific-calculator, https://chromewebstore.google.com/detail/scientific-calculator/fnplhdldnhaodknidfddmkfdhlhjihpd,,github.com/raad-altaie/scientific-calculator
mailvelope, https://chromewebstore.google.com/detail/mailvelope/kajibbejlbohfaggdiogboambcijhkke,,github.com/mailvelope/mailvelope
scanlingua, https://chromewebstore.google.com/detail/scanlingua/mkkiocfjoeoolffbpldkglpfclmdiafn,,github.com/OuterSpaceHobo/ScanLingua
notion-boost, https://chromewebstore.google.com/detail/notion-boost/eciepnnimnjaojlkcpdpcgbfkpcagahd,,github.com/GorvGoyl/Notion-Boost-browser-extension
browserpass, https://chromewebstore.google.com/detail/browserpass/naepdomgkenhinolocfifgehidddafch,,github.com/browserpass/browserpass-native
google-keep-full-screen-e, https://chromewebstore.google.com/detail/google-keep-full-screen-e/kcfmkpjpemonceecfpgamaahlkfpjhdk,,github.com/chrisputnam9/chrome-google-keep-full-screen
pandora-media-session-sup, https://chromewebstore.google.com/detail/pandora-media-session-sup/odjlgdgkahiehepabfdddaapbdficekj,,github.com/snaphat/pandora_media_session
adguard-adblocker-beta, https://chromewebstore.google.com/detail/adguard-adblocker-beta/gfggjaccafhcbfogfkogggoepomehbjl,,github.com/AdguardTeam/AdguardBrowserExtension
calendar-clock, https://chromewebstore.google.com/detail/calendar-clock/abmmcineiaonblhmehimkeneglmcofge,,github.com/kaydensigh/chromecalclock
analytics-debugger, https://chromewebstore.google.com/detail/analytics-debugger/ilnpmccnfdjdjjikgkefkcegefikecdc,,github.com/analytics-debugger/analytics-debugger-browser-extension
dark-reader, https://chromewebstore.google.com/detail/dark-reader/eimadpbcbfnmbkopoojfekhnkhdbieeh,,github.com/darkreader/darkreader
real-estate-mate, https://chromewebstore.google.com/detail/real-estate-mate/jnojnlmongehjaahajakkolengpclmbd,,github.com/RickWillcox/Real-Estate-Mate
adblock-pro-open-source-a, https://chromewebstore.google.com/detail/adblock-pro-open-source-a/nckdpkhlinkgcebghcecbaohbeemdmjk,,github.com/IntelliVisionAi/AdBlock-Pro-Open-Source
slang-text-to-speech, https://chromewebstore.google.com/detail/slang-text-to-speech/enkmbkhkbdiaafkmofbmdahclajelgfh,,github.com/kauer3/Slang-Text-to-Speech
soccer-streamlined, https://chromewebstore.google.com/detail/soccer-streamlined/lcabedmhpejejhpjdfehcojabbdfihci,,github.com/davidtimovski/soccer-streamlined
blipread-page-reading-tim, https://chromewebstore.google.com/detail/blipread-page-reading-tim/pimmlmgpidiceckodhdifoppcidlndbp,,github.com/folletto/Blipread
scroll-to-top, https://chromewebstore.google.com/detail/scroll-to-top/hegiignepmecppikdlbohnnbfjdoaghj,,github.com/pratikabu/scrolltotop
youtube-channel-whitelist, https://chromewebstore.google.com/detail/youtube-channel-whitelist/pbgojokkgbikdofpgphemhldcbaejfog,,github.com/x0a/uBO-YouTube
off-the-record-history, https://chromewebstore.google.com/detail/off-the-record-history/djbaolpiihkcmmfjnjdmomeeheldhhdp,,github.com/dutiyesh/off-the-record-history
minerblock, https://chromewebstore.google.com/detail/minerblock/emikbbbebcdfohonlaifafnoanocnebl,,github.com/xd4rker/MinerBlock
zwiftmap-for-strava, https://chromewebstore.google.com/detail/zwiftmap-for-strava/eiaekjobfimlijhpggbbkhoihlchdhdl,,github.com/andipaetzold/zwiftmap
webber-the-scrollbar-hide, https://chromewebstore.google.com/detail/webber-the-scrollbar-hide/jiadeaflfegcmnjmcecffnloeochhcog,,github.com/Angr0/Webber
nitrogen-usd-ifier, https://chromewebstore.google.com/detail/nitrogen-usd-ifier/pmiafnfifdfhlneedbngapklmfgicpnm,,github.com/nkov/nitrogen-usdifier
stratistix-with-arpee-sco, https://chromewebstore.google.com/detail/stratistix-with-arpee-sco/bilbbbdgdimchenccmooakpfomfajepd,,github.com/KamensekD/StraTistiX)!
persepolis-download-manag, https://chromewebstore.google.com/detail/persepolis-download-manag/legimlagjjoghkoedakdjhocbeomojao,,github.com/persepolisdm/Persepolis-WebExtension
bionify-read-faster, https://chromewebstore.google.com/detail/bionify-read-faster/gomhfpbcjfidhpffhecghfdieincgncc,,github.com/Cveinnt/bionify
enhancer-for-classroom, https://chromewebstore.google.com/detail/enhancer-for-classroom/nbijdallbnpfkkglpdepfjdlelflfkdc,,github.com/saikat0511/GCR-enhancer
yinote, https://chromewebstore.google.com/detail/yinote/fhpgggnmdlmekfdpkdgeiccfkignhkdf,,github.com/byteyilabs/yi-note
goodreads-ratings-for-ama, https://chromewebstore.google.com/detail/goodreads-ratings-for-ama/fkkcefhhadenobhjnngfdahhlodolkjg,,github.com/rubenmv/extension-goodreads-ratings-for-amazon
viz-hotkeys-for-viz-manga, https://chromewebstore.google.com/detail/viz-hotkeys-for-viz-manga/nklfemdfoghnfaeciipppcankdhmgkek,,github.com/Crayolable/VIZMangaShortcuts
lookup-personal-vocabular, https://chromewebstore.google.com/detail/lookup-personal-vocabular/lamkbakfmcoaibacdbpgejffopbhhpgn,,github.com/NinadSutrave/lookup-chrome
free-openvpn-server-finde, https://chromewebstore.google.com/detail/free-openvpn-server-finde/cmonbbaipgkkooachioonbkjbbddclpe,,github.com/andy-portmen/ovfinder
ncoverlay, https://chromewebstore.google.com/detail/ncoverlay/ofhffkmglkibpkgcfhbgajghlkgplafe,,github.com/Midra429/NCOverlay
ecosia-dark-mode, https://chromewebstore.google.com/detail/ecosia-dark-mode/lpgjbchlhnpodjjnemfpfajibnclknam,,github.com/gmirmand/ecosia-dark-mode
dont-close-window-with-la, https://chromewebstore.google.com/detail/dont-close-window-with-la/dlnpfhfhmkiebpnlllpehlmklgdggbhn,,github.com/moneytoo/DontCloseWindowWithLastTab
reader-view, https://chromewebstore.google.com/detail/reader-view/ecabifbgmdmgdllomnfinbmaellmclnh,,github.com/rNeomy/reader-view
rys-%E2%80%94-remove-youtube-sugg, https://chromewebstore.google.com/detail/rys-%E2%80%94-remove-youtube-sugg/cdhdichomdnlaadbndgmagohccgpejae,,github.com/lawrencehook/remove-youtube-suggestions
passman, https://chromewebstore.google.com/detail/passman/hlpjhlifkgmoibhollggngbbhbejecph,,github.com/nextcloud/passman
view-image, https://chromewebstore.google.com/detail/view-image/jpcmhcelnjdmblfmjabdeclccemkghjk,,github.com/bijij/ViewImage
smooth-key-scroll, https://chromewebstore.google.com/detail/smooth-key-scroll/gphmhpfbknciemgfnfhjapilmcaecljh,,github.com/smoothkeyscroll/issues
screenity-screen-recorder, https://chromewebstore.google.com/detail/screenity-screen-recorder/kbbdabhdfibnancpjfhlkhafgdilcnji,,github.com/alyssaxuu/screenity
miniplay, https://chromewebstore.google.com/detail/miniplay/dfddfiedihbijfeacjamchlliogmjjnd,,github.com/iambald/MiniPlay
enlarge-youtube-profile-i, https://chromewebstore.google.com/detail/enlarge-youtube-profile-i/pmloeageofhljhdedpfpppjbjblbncbc,,github.com/polywock/enlargeYoutubeProfileImages
markdownload-markdown-web, https://chromewebstore.google.com/detail/markdownload-markdown-web/pcmpcfapbekmbjjkdalcgopdkipoggdi,,github.com/sponsors/deathau
keepasshelper-password-ma, https://chromewebstore.google.com/detail/keepasshelper-password-ma/jgnfghanfbjmimbdmnjfofnbcgpkbegj,,github.com/belaviyo/keepass-macpass-helper
webmapper, https://chromewebstore.google.com/detail/webmapper/foachceonkmkeiigdbkjcihnaabppicf,,github.com/rhamerly/webmapper
speak-to-lichess, https://chromewebstore.google.com/detail/speak-to-lichess/ldiiocggpmgljihlkgpngjlhnggpapig,,github.com/ChrisAntley1/Speak-to-Lichess
streaming-enhanced-netfli, https://chromewebstore.google.com/detail/streaming-enhanced-netfli/akaimhgappllmlkadblbdknhbfghdgle,,github.com/Dreamlinerm/Netflix-Prime-Auto-Skip
ethereum-gas-prices, https://chromewebstore.google.com/detail/ethereum-gas-prices/njbclohenpagagafbmdipcdoogfpnfhp,,github.com/philippe-git/ethereum-gas-prices-browser-extension
read-aloud-a-text-to-spee, https://chromewebstore.google.com/detail/read-aloud-a-text-to-spee/hdhinadidafjejdhmfkjgnolgimiaplp,,github.com/ken107/read-aloud
return-youtube-comment-us, https://chromewebstore.google.com/detail/return-youtube-comment-us/kamibelompadnaekbellinmgbphoidmj,,github.com/yakisova41/return-youtube-comment-username
google-docs-dark-mode-dar, https://chromewebstore.google.com/detail/google-docs-dark-mode-dar/eeckpnpnbjmpknpcmcoiceaidlajhpmh,,github.com/R-Y-M-R/DocsDarkMode
auto-highlight, https://chromewebstore.google.com/detail/auto-highlight/dnkdpcbijfnmekbkchfjapfneigjomhh,,github.com/dstein64/highlight
emojit, https://chromewebstore.google.com/detail/emojit/fdaopifdchifnfaiammaknlaniecbdmo,,github.com/emogit/emojit
stylebot, https://chromewebstore.google.com/detail/stylebot/oiaejidbmkiecgbjeifoejpgmdaleoha,,github.com/ankit/stylebot
ecosia-dark-mode, https://chromewebstore.google.com/detail/ecosia-dark-mode/hfpbjnmjofmfpnkcmdnkgndahgpjhpih,,github.com/aidanhorton/ecosia-darkmode-extensions
foxyproxy-basic, https://chromewebstore.google.com/detail/foxyproxy-basic/dookpfaalaaappcdneeahomimbllocnb,,github.com/foxyproxy/browser-extension
amazon-product-link-short, https://chromewebstore.google.com/detail/amazon-product-link-short/kjjlkpmgccmimghapoichdfffocambjp,,github.com/bp2008/Amazon-Product-Link-Shortener
minimal-scrollbar, https://chromewebstore.google.com/detail/minimal-scrollbar/ekopmclclddpoipchmcbhifohhbmjafd,,github.com/iaarchiver/MinimalScrollbar
scrapbox-list-marker, https://chromewebstore.google.com/detail/scrapbox-list-marker/blogedecchmdohakakhmboefiiendbec,,github.com/penicillin0/scrapbox-list-marker
chatgpt-to-notion, https://chromewebstore.google.com/detail/chatgpt-to-notion/oojndninaelbpllebamcojkdecjjhcle,,github.com/L-a-r-t/chatgpt-to-notion
universal-automatic-curre, https://chromewebstore.google.com/detail/universal-automatic-curre/hbjagjepkeogombomfeefdmjnclgojli,,github.com/Baizey/UniversalAutomaticCurrencyConverter
dark-new-tab, https://chromewebstore.google.com/detail/dark-new-tab/mnjmegebbljjhpljjfjmkhgmokpmdbpo,,github.com/dandydanny/darknewtab
screenshot-youtube, https://chromewebstore.google.com/detail/screenshot-youtube/gjoijpfmdhbjkkgnmahganhoinjjpohk,,github.com/FutureMillennium/Screenshot-YouTube
d-anime-comments-viewer, https://chromewebstore.google.com/detail/d-anime-comments-viewer/jocjhkklfiaojhhnjiejmimlohaemiep,,github.com/sopisoft/d-comments>
showpassword, https://chromewebstore.google.com/detail/showpassword/bbiclfnbhommljbjcoelobnnnibemabl,,github.com/a161803398/ShowPassword
themesong-for-youtube-mus, https://chromewebstore.google.com/detail/themesong-for-youtube-mus/bgfiegdbajagebogifobkhambpljbfmk,,github.com/KristofferTroncoso/ThemeSong
location-guard, https://chromewebstore.google.com/detail/location-guard/cfohepagpmnodfdmjliccbbigdkfcgia,,github.com/chatziko/location-guard
trocker, https://chromewebstore.google.com/detail/trocker/bjojfeillmmoeadgobbcknkgdkngbcdb,,github.com/trockerapp/trocker
dark-mode-for-outlook, https://chromewebstore.google.com/detail/dark-mode-for-outlook/kjfbefcenipnnpbcbbklcidpjiamlcpl,,github.com/jerboa88/dark-mode-for-outlook
chromekeepass, https://chromewebstore.google.com/detail/chromekeepass/dphoaaiomekdhacmfoblfblmncpnbahm,,github.com/RoelVB/ChromeKeePass
disable-google-search-tex, https://chromewebstore.google.com/detail/disable-google-search-tex/ompocnnmgiaoieoanemepjflbokldhom,,github.com/everyonesdesign/disable-google-search-text-highlights
youtube-accelerator, https://chromewebstore.google.com/detail/youtube-accelerator/kkbkajnjcpgpfkhgkcckeaindpjgfgib,,github.com/AndrewGDX/YouTubeAccelerator
chesscom-keyboard, https://chromewebstore.google.com/detail/chesscom-keyboard/bghaancnengidpcefpkbbppinjmfnlhh,,github.com/everyonesdesign/Chess-Helper
steam-price-chart, https://chromewebstore.google.com/detail/steam-price-chart/dbdjojacadfodjhofhmlaomimkgogcmc,,github.com/MaxWang96/Steam-Price-Chart
scoresaber-easy-installer, https://chromewebstore.google.com/detail/scoresaber-easy-installer/gpghflbiabfangjnelpihcokfmanppgi,,github.com/Cobular/ScoreSaverExtention
takealot-price-tracker, https://chromewebstore.google.com/detail/takealot-price-tracker/gjkhncmhhlbpfifmkcbmdckndablionk,,github.com/JAB-dev/ServalPriceExt
tab-less-togglable, https://chromewebstore.google.com/detail/tab-less-togglable/ofolfkcaiejibcgljnccbaaledlbmdhd,,github.com/ei14/tab-less-togglable
prompt-firewall-chatgpt-d, https://chromewebstore.google.com/detail/prompt-firewall-chatgpt-d/kmhmhfalodpigohkmmafmaaonoemoejl,,github.com/evrenyal/promptfirewall-chrome-extension
prokeys, https://chromewebstore.google.com/detail/prokeys/ekfnbpgmmeahnnlpjibofkobpdkifapn,,github.com/GaurangTandon/ProKeys
i-still-dont-care-about-c, https://chromewebstore.google.com/detail/i-still-dont-care-about-c/edibdbjcniadpccecjdfdjjppcpchdlm,,github.com/OhMyGuus/I-Dont-Care-About-Cookies
dyslexia-friendly, https://chromewebstore.google.com/detail/dyslexia-friendly/miepjgfkkommhllbbjaedffcpkncboeo,,github.com/javoire/dyslexia-friendly
better-challonge-results, https://chromewebstore.google.com/detail/better-challonge-results/nlmopkefkemlpdpfkgllbeifljhkfeno,,github.com/kleutzinger/better-challonge
screen-shader-smart-scree, https://chromewebstore.google.com/detail/screen-shader-smart-scree/fmlboobidmkelggdainpknloccojpppi,,github.com/MarcGuiselin/screen-shader
toggl-track-productivity, https://chromewebstore.google.com/detail/toggl-track-productivity/oejgccbfbmkkpaidnkphaiaecficdnfn,,github.com/toggl/toggl-button
shortkeys-custom-keyboard, https://chromewebstore.google.com/detail/shortkeys-custom-keyboard/logpjaacgmcbpdkdchjiaagddngobkck,,github.com/mikecrittenden/shortkeys
imgconverter, https://chromewebstore.google.com/detail/imgconverter/pkgimcoeodgcdfnidhgijpopkfhbcomm,,github.com/funzin/ImgConverter
f1-tv-playback-controls, https://chromewebstore.google.com/detail/f1-tv-playback-controls/bndmmpkkilmcaoddlicjenjffkihmmle,,github.com/outlandnish/ext-f1-tv
chatgpt-ctrl+enter-sender, https://chromewebstore.google.com/detail/chatgpt-ctrl+enter-sender/gbncgdhklmnckojlibfhdadpfbcdbnch,,github.com/masachika-kamada/ChatGPT-Ctrl-Enter-Sender
dark-mode, https://chromewebstore.google.com/detail/dark-mode/declgfomkjdohhjbcfemjklfebflhefl,,github.com/victor-savinov/dark-mode
media-harvest-twitter-med, https://chromewebstore.google.com/detail/media-harvest-twitter-med/hpcgabhdlnapolkkjpejieegfpehfdok,,github.com/EltonChou/TwitterMediaHarvest
youtube-ad-auto-skip, https://chromewebstore.google.com/detail/youtube-ad-auto-skip/janhkcfgfnafdebdmlbnhopmnoiepmpc,,github.com/ZionDevelopers/youtube-ad-auto-skip
mink-integrate-live-archi, https://chromewebstore.google.com/detail/mink-integrate-live-archi/jemoalkmipibchioofomhkgimhofbbem,,github.com/machawk1/mink
steamdb, https://chromewebstore.google.com/detail/steamdb/kdbmhfkmnlmbkgbabkdealhhbfhlmmon,,github.com/SteamDatabase/BrowserExtension
quickey-%E2%80%93-the-quick-tab-s, https://chromewebstore.google.com/detail/quickey-%E2%80%93-the-quick-tab-s/ldlghkoiihaelfnggonhjnfiabmaficg,,github.com/fwextensions/QuicKey
scroll-zoom, https://chromewebstore.google.com/detail/scroll-zoom/ccfomhdaagemnbhbpminjoggkbglmcgb,,github.com/dessant/scroll-zoom
habitica-pomodoro-sitekee, https://chromewebstore.google.com/detail/habitica-pomodoro-sitekee/iaanigfbldakklgdfcnbjonbehpbpecl,,github.com/ofekmiz/Habitica-Pomodoro-SiteKeeper
better-canvas, https://chromewebstore.google.com/detail/better-canvas/cndibmoanboadcifjkjbdpjgfedanolh,,github.com/ksucpea/bettercanvas
skysavvy-enhance-google-f, https://chromewebstore.google.com/detail/skysavvy-enhance-google-f/kpdeplhmnofpohflebkiigblcpogmdeg,,github.com/matthewdfuller/skysavvy-docs
djvujs-viewer, https://chromewebstore.google.com/detail/djvujs-viewer/bpnedgjmphmmdgecmklcopblfcbhpefm,,github.com/RussCoder/djvujs
auto-youtube-shorts-scrol, https://chromewebstore.google.com/detail/auto-youtube-shorts-scrol/ckbnikemebopgknkpgjlkbffpkkhblbe,,github.com/Tyson3101/Auto-Youtube-Shorts-Scroller
online-subtitles, https://chromewebstore.google.com/detail/online-subtitles/ggdggkhbmmgnogbcciencemciapnpeij,,github.com/ioliynichenko/Online-Subtitles
pixiv-toolkit, https://chromewebstore.google.com/detail/pixiv-toolkit/ajlcnbbeidbackfknkgknjefhmbngdnj,,github.com/leoding86/webextension-pixiv-toolkit
darkness-beautiful-dark-t, https://chromewebstore.google.com/detail/darkness-beautiful-dark-t/imilbobhamcfahccagbncamhpnbkaenm,,github.com/liorgrossman/darkness
chesscom-voice-input, https://chromewebstore.google.com/detail/chesscom-voice-input/lllmgdbbioiendadepmdamgpdddllhmf,,github.com/parsec209/chess.com-voice-input
wikigg-redirect, https://chromewebstore.google.com/detail/wikigg-redirect/cngoemokfjekjkmajenlaokhnmmiinca,,github.com/freedomgamesdev/wikigg-redirect-extension
youtube-tc-autotrans-corr, https://chromewebstore.google.com/detail/youtube-tc-autotrans-corr/nghlhmhjdlbcgnmjffpeialapbcnajig,,github.com/Frank0945/fix-yt-traditional-chinese-subtitle
popup-tab-switcher, https://chromewebstore.google.com/detail/popup-tab-switcher/cehdjppppegalmaffcdffkkpmoflfhkc,,github.com/dvdvdmt/popup-tab-switcher#replace-default-tab-switching-behaviour
beeline-reader-pdf-viewer, https://chromewebstore.google.com/detail/beeline-reader-pdf-viewer/pmeknoingfjncbdhempgnkdgojickcko,,github.com/mozilla/pdf.js
pimp-my-canvas, https://chromewebstore.google.com/detail/pimp-my-canvas/bgpoafmllopbhciofdpjfeoaadfhhhnd,,github.com/JDipi/PimpMyCanvas
amazon-wish-list-total, https://chromewebstore.google.com/detail/amazon-wish-list-total/boekbkconiendicldakeboooeilaldmh,,github.com/jasontbradshaw/amazon-wish-list-total
sctranslator, https://chromewebstore.google.com/detail/sctranslator/icfnljfpacimpcbpammmbclmhenimhfc,,github.com/chunibyocola/sc-translator-crx
furigana-maker, https://chromewebstore.google.com/detail/furigana-maker/heodojceeinbkfjfilnfminlkgbacpfp,,github.com/aiktb/FuriganaMaker
jump-cutter, https://chromewebstore.google.com/detail/jump-cutter/lmppdpldfpfdlipofacekcfleacbbncp,,github.com/WofWca/jumpcutter
tree-style-tab, https://chromewebstore.google.com/detail/tree-style-tab/oicakdoenlelpjnkoljnaakdofplkgnd,,github.com/xingtanzjr/Tree-Style-Tab
turbo-download-manager-cl, https://chromewebstore.google.com/detail/turbo-download-manager-cl/kemfccojgjoilhfmcblgimbggikekjip,,github.com/inbasic/turbo-download-manager
adguard-adblocker-mv3-exp, https://chromewebstore.google.com/detail/adguard-adblocker-mv3-exp/apjcbfpjihpedihablmalmbbhjpklbdf,,github.com/AdguardTeam/AdGuardMV3
airbnb-no-split-stays, https://chromewebstore.google.com/detail/airbnb-no-split-stays/cmkhgldhdejnmbijbjnamnngakonpkpm,,github.com/garnetred/airbnb-no-splitstays
better-text-view, https://chromewebstore.google.com/detail/better-text-view/lgpampdcaamdbdapdembdohcjadnfopg,,github.com/wsammer/btv-chrome
hotkeys-for-search, https://chromewebstore.google.com/detail/hotkeys-for-search/gfmeadbjkfhkeklgaomifcaihbhpeido,,github.com/Juuso-h/hotkeys-for-search
improve-youtube-%F0%9F%8E%A7-for-yo, https://chromewebstore.google.com/detail/improve-youtube-%F0%9F%8E%A7-for-yo/bnomihfieiccainjcjblhegjgglakjdd,,github.com/Code4Charity/Youtube-Extension
youtube-volume-scroll, https://chromewebstore.google.com/detail/youtube-volume-scroll/agadcopafaojndinhloilcanpfpbonbk,,github.com/Araxeus/Youtube-Volume-Scroll
webcache, https://chromewebstore.google.com/detail/webcache/cmmlgikpahieigpcclckfmhnchdlfnjd,,github.com/Dbz/WebCache
vanita-outfit-manager-for, https://chromewebstore.google.com/detail/vanita-outfit-manager-for/dcmbddbidlgkkaaiogiecbbjimjeicmo,,github.com/Daw588/vanita
ip-whois, https://chromewebstore.google.com/detail/ip-whois/mpkpmgnjhejeodcbfaphaenpkkjdfbgo,,github.com/sponsors/SergiX44
shorts-deflector, https://chromewebstore.google.com/detail/shorts-deflector/gilmponliddppjjcfjmanmmfgiilikhg,,github.com/attituding/shorts-deflector
new-bing-anywhere-bing-ch, https://chromewebstore.google.com/detail/new-bing-anywhere-bing-ch/hceobhjokpdbogjkplmfjeomkeckkngi,,github.com/haozi/New-Bing-Anywhere
whisper-to-chatgpt, https://chromewebstore.google.com/detail/whisper-to-chatgpt/jdmppbmnffdfhjlddebcelhigiomacfl,,github.com/Ordinath/Whisper_to_ChatGPT
youtube-playlist-duration, https://chromewebstore.google.com/detail/youtube-playlist-duration/pijbakhgmhhadeakaocjfockpndcpobk,,github.com/nrednav/youtube-playlist-duration-calculator
mua-web-unicode-converter, https://chromewebstore.google.com/detail/mua-web-unicode-converter/jnmdbgnckbbmblkbammnfagdmikchhnp,,github.com/sanlinnaing/MUA-Web-Unicode-Converter"
quickly-open-multiple-url, https://chromewebstore.google.com/detail/quickly-open-multiple-url/nejkfbfcdikidcojhbnhoojilngpcofc,,github.com/LightAPIs/quickly-open-multiple-urls
mark-my-search, https://chromewebstore.google.com/detail/mark-my-search/lijbnhoniejpjjgemoifpjklobhakinb,,github.com/searchmarkers/mark-my-search
toolkit-for-ynab, https://chromewebstore.google.com/detail/toolkit-for-ynab/lmhdkkhepllpnondndgpgclfjnlofgjl,,github.com/toolkit-for-ynab/toolkit-for-ynab
ezproxy-redirect, https://chromewebstore.google.com/detail/ezproxy-redirect/gfhnhcbpnnnlefhobdnmhenofhfnnfhi,,github.com/tom5760/chrome-ezproxy
night-video-tuner, https://chromewebstore.google.com/detail/night-video-tuner/ogffaloegjglncjfehdfplabnoondfjo,,github.com/PyvesB/night-video-tuner)!
ctrl-f-plus-ctrl-+-f-sear, https://chromewebstore.google.com/detail/ctrl-f-plus-ctrl-+-f-sear/dkfbnlclahcmcgehpancgfhogmilankf,,github.com/ctrl-f-plus/ctrl-f-plus-chrome-extension
stop-animations, https://chromewebstore.google.com/detail/stop-animations/gemmknjnneiojfjelmgappppbaneikda,,github.com/craigfrancis/stop-animations
adguard-vpn-beta, https://chromewebstore.google.com/detail/adguard-vpn-beta/kfjjacionkafnmnjhdghdfoinihnijgn,,github.com/AdguardTeam/AdGuardVPNExtension
soundcloud-player, https://chromewebstore.google.com/detail/soundcloud-player/oackhlcggjandamnkggpfhfjbnecefej,,github.com/S4WA/soundcloud-player
someity, https://chromewebstore.google.com/detail/someity/jifjdmnjnmpbclnpjlmebkclilekkdho,,github.com/RonLek/Someity
audd%C2%AE-music-recognition, https://chromewebstore.google.com/detail/audd%C2%AE-music-recognition/lhhohkfofnfbnildpdhhjeeenapeceei,,github.com/AudDMusic/chrome-extension
jadeshipcom-extension, https://chromewebstore.google.com/detail/jadeshipcom-extension/gnpcmjhhhobmpeeekcfmficdfgnmncim,,github.com/cachho/jadeship-browser-extension
google-scholar-darkmode, https://chromewebstore.google.com/detail/google-scholar-darkmode/jplmbheenbhcoihdheoeipfdnamlodbm,,github.com/EveSquare/google-scholar-darkmode-extension
search-by-image, https://chromewebstore.google.com/detail/search-by-image/cnojnbdhbhnkbcieeekonklommdnndci,,github.com/dessant/search-by-image
doi-resolver, https://chromewebstore.google.com/detail/doi-resolver/goanbaknlbojfglcepjnankoobfakbpg,,github.com/mdmower/doi-resolver
speech-to-text-for-chatgp, https://chromewebstore.google.com/detail/speech-to-text-for-chatgp/kplchkeabimhnpklakhhocnhegidpcel,,github.com/zubyj/speech-to-text-for-chatgpt
overleaf-copilot, https://chromewebstore.google.com/detail/overleaf-copilot/pcmffklbilmgckfkbncpoffmicdpfkmm,,github.com/dsp05/overleaf-copilot
analytics-ad-blocker, https://chromewebstore.google.com/detail/analytics-ad-blocker/fapldghopmonkbgaaiinpeopokpkhbmk,,github.com/con-schy1/Analytics_AdBlocker
videoplayer-mpdm3u8m3uepg, https://chromewebstore.google.com/detail/videoplayer-mpdm3u8m3uepg/opmeopcambhfimffbomjgemehjkbbmji,,github.com/sharkiller/Reproductor-MPD-M3U8
globemallow, https://chromewebstore.google.com/detail/globemallow/jibhiolaefbcfiahgolfpmngjefngdmd,,github.com/carbonalyser/Carbonalyser
auto-tab-mute, https://chromewebstore.google.com/detail/auto-tab-mute/dnfohmfimbkmondbppcnkgjlnfnbppok,,github.com/david-welsh/auto-tab-mute
popup-view-for-google-tra, https://chromewebstore.google.com/detail/popup-view-for-google-tra/bcefgmhpbmghjcenbklchobmogjhaagl,,github.com/schomery/dictionary
change-colors, https://chromewebstore.google.com/detail/change-colors/ageghplgcapnfpdhapeemolbmfccclke,,github.com/srndpty/Change-Colors
ynews-excluder, https://chromewebstore.google.com/detail/ynews-excluder/klgpaehfikejngcefmddoogibjibmbon,,github.com/web-rice/yahoo-news-excluder
nukem, https://chromewebstore.google.com/detail/nukem/kpogandfndblomniegfaeakkjchmiedi,,github.com/Gruntfuggly/nukem
pockettube-youtube-subscr, https://chromewebstore.google.com/detail/pockettube-youtube-subscr/kdmnjgijlmjgmimahnillepgcgeemffb,,github.com/NabokD/pockettube
google-enhancer, https://chromewebstore.google.com/detail/google-enhancer/ikbcccnfbfobgioefgaodgmnnnbjbbfn,,github.com/satorioh/google-enhancer
blend-run-enable-copy-and, https://chromewebstore.google.com/detail/blend-run-enable-copy-and/ioebblnijghcghflgjlgbhjbdgkofcjp,,github.com/HASHCUT69/Blend-n-Run
reddit-search-on-google, https://chromewebstore.google.com/detail/reddit-search-on-google/dinfdkpilnidebademfldlbpbjkemkod,,github.com/tadwohlrapp/reddit-search-on-google
browser-boost-extra-tools, https://chromewebstore.google.com/detail/browser-boost-extra-tools/akknpgblpchaoebdoiojonnahhnfgnem,,github.com/BrowserBoost/Extension
google-sheets-tabs-on-top, https://chromewebstore.google.com/detail/google-sheets-tabs-on-top/lbhlhhckfpdpafckdiklcbamkmogjdjc,,github.com/yamadashy/sheets-tabs-on-top-extension
search-bookmarks-history, https://chromewebstore.google.com/detail/search-bookmarks-history/cofpegcepiccpobikjoddpmmocficdjj,,github.com/Fannon/search-bookmarks-history-and-tabs
keyboard-shortcuts-for-go, https://chromewebstore.google.com/detail/keyboard-shortcuts-for-go/akjhnbnjanndggbcegmdggfjjclohjpo,,github.com/yamayamayamaji/Keyboard-Shortcuts-for-Google-Translate
dashblox-improving-roblox, https://chromewebstore.google.com/detail/dashblox-improving-roblox/ogffnhpicoghhpcbememhijlbdejchjb,,github.com/WingedDash/DashBlox
color-changer, https://chromewebstore.google.com/detail/color-changer/nmdgidofjbajhphomaniiekgckpioifp,,github.com/rokit/web-extension-color-changer
buster-captcha-solver-for, https://chromewebstore.google.com/detail/buster-captcha-solver-for/mpbjkejclgfgadiemmefgebjfooflfhl,,github.com/dessant/buster
markdown-viewer, https://chromewebstore.google.com/detail/markdown-viewer/ckkdlimhmcjmikdlpkmbgfkaikojcbjk,,github.com/simov/markdown-viewer
cursorlux-mouse-highlight, https://chromewebstore.google.com/detail/cursorlux-mouse-highlight/nbnfkhblcofmmbeamohjmmjfmfmhknpj,,github.com/joshuajadaniel/cursorlux
chatgpt-microphone, https://chromewebstore.google.com/detail/chatgpt-microphone/kpnejlajlhnpfphbhgfipmlogplmidin,,github.com/davidmvenegas/chatgpt-microphone
bookmark-history-manager, https://chromewebstore.google.com/detail/bookmark-history-manager/jokoalpdfppeolhnfljmfecbifcfadhh,,github.com/ric2cn/webdiary
ultimate-h1b-sponsor-chec, https://chromewebstore.google.com/detail/ultimate-h1b-sponsor-chec/gaafhpdcjnlehapjdngfoonljgeodffm,,github.com/kart33k/UltimateH1BSponsorChecker
pockettube-youtube-playli, https://chromewebstore.google.com/detail/pockettube-youtube-playli/bplnofkhjdphoihfkfcddikgmecfehdd,,github.com/NabokD/pockettube
dscan-own-your-identity-o, https://chromewebstore.google.com/detail/dscan-own-your-identity-o/idpfgkgogjjgklefnkjdpghkifbjenap,,github.com/p2plabsxyz/dscan
show-great-on-deck-on-ste, https://chromewebstore.google.com/detail/show-great-on-deck-on-ste/olagniaikhbmpdgghoifgloijcndfled,,github.com/cptpiepmatz/great-on-deck-search
csfloat-market-checker, https://chromewebstore.google.com/detail/csfloat-market-checker/jjicbefpemnphinccgikpdaagjebbnhg,,github.com/csfloat/extension
youtube-transcript, https://chromewebstore.google.com/detail/youtube-transcript/jgibaoklabopileepldnlkbbcibhbgmd,,github.com/kazuki-sf/YouTube_Summary_with_ChatGPT
quick-find-for-google-chr, https://chromewebstore.google.com/detail/quick-find-for-google-chr/dejblhmebonldngnmeidliaifgiagcjj,,github.com/peterdotjs/quick-find
simple-subscription-manag, https://chromewebstore.google.com/detail/simple-subscription-manag/kbgaobbeoemfoohblgglgagdgjjnppce,,github.com/wolfpoland/ssm
web-archives, https://chromewebstore.google.com/detail/web-archives/hkligngkgcpcolhcnkgccglchdafcnao,,github.com/dessant/web-archives
sheets-row-highlighter, https://chromewebstore.google.com/detail/sheets-row-highlighter/cejijldbedfmdehondfmoadlkhgjcmkd,,github.com/matsu7089/sheets-row-highlighter
my-dictionary, https://chromewebstore.google.com/detail/my-dictionary/dlmmgckeognpojabkkcablldnlfnfgpo,,github.com/harry-private/my_dictionary
flash-player-emulator-202, https://chromewebstore.google.com/detail/flash-player-emulator-202/ecbnojockcgfohpopbphhgefkfbigcej,,github.com/ruffle-rs/ruffle
paperslabmlai, https://chromewebstore.google.com/detail/paperslabmlai/agkeoekbbkpokfbpmmminnombikadbhb,,github.com/labmlai/chrome-extension
reverse-image-search, https://chromewebstore.google.com/detail/reverse-image-search/cdgbjhkjjghbjjikgjkkpljlmnpcakco,,github.com/Brawl345/Image-Reverse-Search-WebExtension
discord-token-login, https://chromewebstore.google.com/detail/discord-token-login/hifcahjlgbmhppcoppikpcceognjcjjp,,github.com/flxderdev/Discord-Token-Login
battlelog-bf4-player-coun, https://chromewebstore.google.com/detail/battlelog-bf4-player-coun/kobhgndjbalfbieppfglfamlglgdfmah,,github.com/TheBauwssss/BattlelogPlayerCountChecker
page-notes, https://chromewebstore.google.com/detail/page-notes/omjdheidbhoghpfdnndkgoelfiogjfla,,github.com/manugarg/pagenotes-issues
big-search, https://chromewebstore.google.com/detail/big-search/ojcnjeigmgjaiolalpapfnmmhdmpjhfb,,github.com/garywill/BigSearch
ublacklist, https://chromewebstore.google.com/detail/ublacklist/pncfbmialoiaghdehhbnbhkkgmjanfhe,,github.com/iorate/ublacklist#supported-search-engines
searchjumper, https://chromewebstore.google.com/detail/searchjumper/hgepmblbgodbilmfdjkalkgofdcipkhh,,github.com/hoothin/SearchJumper
create-link, https://chromewebstore.google.com/detail/create-link/gcmghdmnkfdbncmnmlkkglmnnhagajbm,,github.com/ku/CreateLink
blue-blocker, https://chromewebstore.google.com/detail/blue-blocker/jgpjphkbfjhlbajmmcoknjjppoamhpmm,,github.com/kheina-com/Blue-Blocker
web-translate, https://chromewebstore.google.com/detail/web-translate/gjfljooinclelkhmgegielehekdbmigm,,github.com/fastaddons/WebTranslate
just-solana-ticker-pro, https://chromewebstore.google.com/detail/just-solana-ticker-pro/ijkgnghfcjkghhdkbgfjibooiflohcif,,github.com/cpte-org/Crypto-price-ticker-extension
just-cosmos-ticker-pro, https://chromewebstore.google.com/detail/just-cosmos-ticker-pro/anihnbdnfjmejeihegajgihfgljgbfnf,,github.com/cpte-org/Crypto-price-ticker-extension
anki-dictionary, https://chromewebstore.google.com/detail/anki-dictionary/gaccjmdadomgjfnncbcecicngpkfepgg,,github.com/ankiwords/anki-word-wizard-template
sticky-scribble, https://chromewebstore.google.com/detail/sticky-scribble/afdeadcjhgnnpaifcmpebddnmckfplmo,,github.com/GoogleChromeLabs/stickyscribble
dicephrase, https://chromewebstore.google.com/detail/dicephrase/hlcidibhelknhpnimiiogjclajfopdag,,github.com/dicephrase/dicephrase
timeoware, https://chromewebstore.google.com/detail/timeoware/cipfemdibanodhkdnbijhladjcchhhnh,,github.com/timeoware/chrome-extension
no-bookmarklets, https://chromewebstore.google.com/detail/no-bookmarklets/ekjaiclbdpcipefbepbjnndmbggcjeci,,github.com/3webs-org/NoBookmarklets
lan-port-scan-forbidder, https://chromewebstore.google.com/detail/lan-port-scan-forbidder/lapppchpconamefemlnjdebbcpbncafl,,github.com/garywill/LAN-port-scan-forbidder
trombinosko, https://chromewebstore.google.com/detail/trombinosko/mjojfchpifllgdkolmgomejbffbodidj,,github.com/philohelp/trombinosko
multishot, https://chromewebstore.google.com/detail/multishot/ilcokocopmbcgoealmibcngobefggidj,,github.com/HamzaEzzRa/Multishot
scrum-poker-app, https://chromewebstore.google.com/detail/scrum-poker-app/bldokddpppfjgaagcmmmomlmnpjmcmkg,,github.com/3pts/chrome-extension
no-privacy-sandbox, https://chromewebstore.google.com/detail/no-privacy-sandbox/jhladehmdkeodebhhkaebgneankeeelf,,github.com/kevin51jiang/no-privacy-sandbox
local-llama-llm-ai-chat-q, https://chromewebstore.google.com/detail/local-llama-llm-ai-chat-q/ekobbgdgkocdnnjoahoojakmoimfjlbm,,github.com/mrdiamonddirt/local-llama-chrome-extension
nasa-astronomy-picture-of, https://chromewebstore.google.com/detail/nasa-astronomy-picture-of/bechhfglhcdjmemhkmincgemjgcbeifa,,github.com/rhystmills/nasa-apod-extension
just-tezos-ticker-pro, https://chromewebstore.google.com/detail/just-tezos-ticker-pro/kmbhkejclnhfblhnecelhmpmnfjipmlg,,github.com/cpte-org/Crypto-price-ticker-extension
social-switch, https://chromewebstore.google.com/detail/social-switch/elmbjjhgiifenlhffpjcjfkjmilbbfki,,github.com/claromes/socialswitch
burschiban, https://chromewebstore.google.com/detail/burschiban/nnmclajnmfllollhiibmdgippgjjebei,,github.com/johanneslo1/burschiban-chrome-extension
jolted-chrome-extension, https://chromewebstore.google.com/detail/jolted-chrome-extension/pmdhnpopfcilfffnfnbpbadddnaabkkd,,github.com/ACCELab-UofT/JoltEd-Chrome-Extension
hack-the-news, https://chromewebstore.google.com/detail/hack-the-news/oehghgdldepmknikdpjakmpbonlkmnfa,,github.com/robbiewain/hack-the-news
zwift-zwo-download-for-tr, https://chromewebstore.google.com/detail/zwift-zwo-download-for-tr/jfcbofnokfcoaodbahconodnnkkmjokg,,github.com/jsmattsonjr/trzwo
ppz, https://chromewebstore.google.com/detail/ppz/hijebeohkblbdbfmmllpfgneocfhmlao,,github.com/ppz-pro/chrome-filter
outdoor-inspiration, https://chromewebstore.google.com/detail/outdoor-inspiration/mjgkcdcikkpendiikknkdhanooeiohee,,github.com/luisaugusto/outdoor-inspiration
unread-tab, https://chromewebstore.google.com/detail/unread-tab/aabpiidneeojeichdhncnjmdopgglakk,,github.com/stanislawru/unread-tab
covid19-india-status, https://chromewebstore.google.com/detail/covid19-india-status/hhopkbgmkglpidnbkbdihanhljkpbllo,,github.com/amodm/api-covid19-in
splash, https://chromewebstore.google.com/detail/splash/cdekfpofkjielpappfkdabnljlpmhgbj,,github.com/FXZFun/splash
bitsjourney-retro-game-gr, https://chromewebstore.google.com/detail/bitsjourney-retro-game-gr/ollneaflfdbmjhadhfbdghlmmheenoii,,github.com/qhapaq-49/bitsjourney
percy-web-extension, https://chromewebstore.google.com/detail/percy-web-extension/jgccjoojddigjmaheaabijlhfnlpcoph,,github.com/BrowserStackCE/percy-chrome-extension
fantrax-baseball-live-fee, https://chromewebstore.google.com/detail/fantrax-baseball-live-fee/kmencimfjfllkmgngaolamlehdkngpgj,,github.com/Dadamsmeade/Fantrax-Baseball-Live-Feed-Highlights
intercept-redirect, https://chromewebstore.google.com/detail/intercept-redirect/kdjmiebhgaleboaamnehjbamlghkoedf,,github.com/bjornstar/intercept-redirect
anti-grabify, https://chromewebstore.google.com/detail/anti-grabify/mdiikcjojbiohaoechokgkdiodcfokpn,,github.com/Konnor88/anti-grabify
%E7%B7%8A%E6%80%A5%E5%9C%B0%E9%9C%87%E9%80%9F%E5%A0%B1-by-extension, https://chromewebstore.google.com/detail/%E7%B7%8A%E6%80%A5%E5%9C%B0%E9%9C%87%E9%80%9F%E5%A0%B1-by-extension/pebgngldogenhmnokpncolbajkelhjba,,github.com/Worlize/WebSocket-Node
kamino, https://chromewebstore.google.com/detail/kamino/ffdebockfdjileaojbbccofhgncmioaf,,github.com/gatewayapps/kamino
flash-cardon, https://chromewebstore.google.com/detail/flash-cardon/kljjkndkgodhkabbkecjlladgmeapiaf,,github.com/aquilax/flash-cardon
video-experience-enhancer, https://chromewebstore.google.com/detail/video-experience-enhancer/gpgijjcmnjpbdpaijihbchgdeencehng,,github.com/walidghallab/video-experience-enhancer
sad-news-headline, https://chromewebstore.google.com/detail/sad-news-headline/gdaabfgjknafmlfndplaeincmlleblja,,github.com/bing0fuel/sad-news-headline
reddit-habit, https://chromewebstore.google.com/detail/reddit-habit/acmgddmnclfkbcfnnlofehognpechkpa,,github.com/DoubleT136/Reddit-Habit
sync-watch, https://chromewebstore.google.com/detail/sync-watch/ggiafipgeeaaahnjamgpjcgkdpanhddg,,github.com/Semro/syncwatch
filter-jobs-feeds, https://chromewebstore.google.com/detail/filter-jobs-feeds/edebgnaafidhaiepkjknfmdonoagkjhe,,github.com/EvAvKein/FilterJobsFeeds
cstimer+, https://chromewebstore.google.com/detail/cstimer+/bfafldbloncllehfiaflmmjhohiobfmo,,github.com/cstimerplus/translate
text-to-image, https://chromewebstore.google.com/detail/text-to-image/kgehbpolkgdnncpgdnoelhbghpdicanl,,github.com/niklasvh/html2canvas
email-masker, https://chromewebstore.google.com/detail/email-masker/oedhkcdedcfloepkpacoocblokifkgjf,,github.com/irazasyed/email-masker
codever, https://chromewebstore.google.com/detail/codever/diofdblfhjbpgackifolmboaiccmebjb,,github.com/CodeverDotDev/codever-browser-extension
fuel-wallet, https://chromewebstore.google.com/detail/fuel-wallet/dldjpboieedgcmpkchcjcbijingjcgok,,github.com/fuellabs/fuels-wallet
captainfact, https://chromewebstore.google.com/detail/captainfact/fnnhlmbnlbgomamcolcpgncflofhjckm,,github.com/CaptainFact/captain-fact-extension
sanastot, https://chromewebstore.google.com/detail/sanastot/mpmiknlnhbaefinkddjddmbhaedjgeha,,github.com/jeffeeeee/sanomapro-sanastot
tokenaware, https://chromewebstore.google.com/detail/tokenaware/ngcligbdheofopbokngenlgdpalociaf,,github.com/Saharhash/TokenAware
predirect, https://chromewebstore.google.com/detail/predirect/aiillidfcgfckfhkpiakhkkpbkknagnp,,github.com/libreom/predirect
vimium-c-all-by-keyboard, https://chromewebstore.google.com/detail/vimium-c-all-by-keyboard/hfjbmagddngcpeloejdejnfgbamkjaeg,,github.com/gdh1995/vimium-c
password-generator, https://chromewebstore.google.com/detail/password-generator/jnjobgjobffgmgfnkpkjfjkkfhfikmfl,,github.com/xfox111/PasswordGeneratorExtension
steelseries-browser-cinem, https://chromewebstore.google.com/detail/steelseries-browser-cinem/mndmnpnegjbnfakegcedmfccfiapdnhc,,github.com/meskill/steelseries-browser-cinema
just-cardano-ticker-pro, https://chromewebstore.google.com/detail/just-cardano-ticker-pro/acfodajggdfhmkgalgjijpbnpgnhpdeo,,github.com/cpte-org/Crypto-price-ticker-extension
powerful-pixiv-downloader, https://chromewebstore.google.com/detail/powerful-pixiv-downloader/dkndmhgdcmjdmkdonmbgjpijejdcilfh,,github.com/xuejianxianzun/PixivBatchDownloader
remove-element, https://chromewebstore.google.com/detail/remove-element/nmndcjhenmoghainokenbpgakopbplpk,,github.com/moishinetzer/remove-element
adguard-adblocker, https://chromewebstore.google.com/detail/adguard-adblocker/bgnkhhnnamicmpeenaelnjfhikgbkllg,,github.com/AdguardTeam/AdguardBrowserExtension
easy-blur, https://chromewebstore.google.com/detail/easy-blur/bilpfoldmicnjhdopaebihhiddkcickp,,github.com/vivek-nexus/easy-blur
%EC%B9%98%EC%A6%88-%EB%82%98%EC%9A%B0-%EC%B9%98%EC%A7%80%EC%A7%81-%EB%8F%84%EC%9A%B0%EB%AF%B8, https://chromewebstore.google.com/detail/%EC%B9%98%EC%A6%88-%EB%82%98%EC%9A%B0-%EC%B9%98%EC%A7%80%EC%A7%81-%EB%8F%84%EC%9A%B0%EB%AF%B8/cemmjndpjenafbjmafgjcpdnfafbkhee,,github.com/jebibot/cheese-now
hue-tab, https://chromewebstore.google.com/detail/hue-tab/mhpnoeopnoemnkkklmmmpjecilooeaoe,,github.com/TwoTau/Hue-Tab
haramblur, https://chromewebstore.google.com/detail/haramblur/pbcoegikffnadpahojjhgdladmmddeji,,github.com/alganzory/HaramBlur
dearrow-better-titles-and, https://chromewebstore.google.com/detail/dearrow-better-titles-and/enamippconapkdmgfgjchkhakpfinmaj,,github.com/ajayyy/DeArrow
%E8%82%A1%E7%A5%A8%E5%B0%8F%E5%8A%A9%E6%89%8B, https://chromewebstore.google.com/detail/%E8%82%A1%E7%A5%A8%E5%B0%8F%E5%8A%A9%E6%89%8B/fgapjjkffggllllignindphnioliplok,,github.com/boypt/stock-viewer
adrium-easy-pass, https://chromewebstore.google.com/detail/adrium-easy-pass/ebigikdfolbipomeaknpooibomohhhhk,,github.com/adrium/easypass
classroom-tweaks, https://chromewebstore.google.com/detail/classroom-tweaks/hamgkkmhoboejnkcbhdccgmogkaamkda,,github.com/michaelbauchert/classroom-tweaks
lakera-chatgpt-data-leak, https://chromewebstore.google.com/detail/lakera-chatgpt-data-leak/npdeilagbbimhnbbdjmagmedchnpjeid,,github.com/lakeraai/chrome-extension
just-polkadot-ticker-pro, https://chromewebstore.google.com/detail/just-polkadot-ticker-pro/cmohhbkheacpenaieifolaffbldifdcb,,github.com/cpte-org/Crypto-price-ticker-extension
check-all-scripts-with-ur, https://chromewebstore.google.com/detail/check-all-scripts-with-ur/inehjeemhpipbglglmjnnabcfpofeljm,,github.com/hchiam/urlvoid-firefox-extension
random-youtube-video, https://chromewebstore.google.com/detail/random-youtube-video/kijgnjhogkjodpakfmhgleobifempckf,,github.com/sponsors/NikkelM
clear-new-tab, https://chromewebstore.google.com/detail/clear-new-tab/felphkbfjadmcejnibcmcncimlappdde,,github.com/loftyshaky/clear-new-tab
eusonlito-password-manage, https://chromewebstore.google.com/detail/eusonlito-password-manage/mkbgfbjaoibojobjpimpkaofckkgknhi,,github.com/eusonlito/Password-Manager
hover-zoom-gold, https://chromewebstore.google.com/detail/hover-zoom-gold/kblljkbkmfdfpplafkpmcapjhhboolfp,,github.com/superlime/HoverZoomGold
gcw-and-strava-kudo-all, https://chromewebstore.google.com/detail/gcw-and-strava-kudo-all/folhiecfhnmdniibjjcfogpdoafdamoc,,github.com/tciles/kudo-all
mockiato-mocks-on-the-fly, https://chromewebstore.google.com/detail/mockiato-mocks-on-the-fly/ilbkkhmnmnehcicempfpekgcpneeekao,,github.com/avivasyuta/mockiato
media-carousel, https://chromewebstore.google.com/detail/media-carousel/lianhpbcenefikhbnkbdgjfghpgdfffn,,github.com/blaise-io/media-carousel
word-collector-improve-yo, https://chromewebstore.google.com/detail/word-collector-improve-yo/kplmeohpfcgnijkamkfibfpiibjaaeek,,github.com/tim08094495757/word-collector
duckduckgo-privacy-essent, https://chromewebstore.google.com/detail/duckduckgo-privacy-essent/bkdgflcldnnnapblkhphbgpggdiikppg,,github.com/duckduckgo/duckduckgo-privacy-extension
transover, https://chromewebstore.google.com/detail/transover/aggiiclaiamajehmlfpkjmlbadmkledi,,github.com/facebook/react
%E7%AE%80-tab-simptab-%E6%96%B0%E6%A0%87%E7%AD%BE%E9%A1%B5, https://chromewebstore.google.com/detail/%E7%AE%80-tab-simptab-%E6%96%B0%E6%A0%87%E7%AD%BE%E9%A1%B5/kbgmbmkhepchmmcnbdbclpkpegbgikjc,,github.com/kenshin/simptab
everything-metric-auto-un, https://chromewebstore.google.com/detail/everything-metric-auto-un/hknjpaididhfgeocegbacehlnkofjoni,,github.com/m1l/Everything-Metric
times-colonist-subscripti, https://chromewebstore.google.com/detail/times-colonist-subscripti/hpeejnjgokkebabmjhbednpmogijfkcj,,github.com/amdprophet/times-colonist-subscription-remover
strava-bulk-edit, https://chromewebstore.google.com/detail/strava-bulk-edit/mkbkebdegldokaipfgficlleheeejfjg,,github.com/MGHollander/strava-bulk-edit
just-delete-me, https://chromewebstore.google.com/detail/just-delete-me/dlhckcablohllindinahbbpnfgblimoe,,github.com/fregante/jdm
animated-gif-capture, https://chromewebstore.google.com/detail/animated-gif-capture/aecmckhhfknljgicfkpbinfkpnijehcm,,github.com/demouth/AnimatedGifCapture
mdn-dark-mode, https://chromewebstore.google.com/detail/mdn-dark-mode/jdaepiaaanhlmgoehjnnkhiagfkalhoc,,github.com/sgalanb/MDN-Dark-Mode
odds-to-probability-text, https://chromewebstore.google.com/detail/odds-to-probability-text/nofjpbibnnkinmfndoknlbkchbecgbkb,,github.com/danielchines/odds-converter-extension
tiny-tiny-rss-checker, https://chromewebstore.google.com/detail/tiny-tiny-rss-checker/injnpmieoiaflnemdibhkflicchhaldh,,github.com/moneytoo/tt-rss-checker-chrome
gendermag-recorders-assis, https://chromewebstore.google.com/detail/gendermag-recorders-assis/efacfbjnfhfaplaglplaljdleimiiflf,,github.com/GenderMagProject/GenderMagRecordersAssistant
translate-selected-text, https://chromewebstore.google.com/detail/translate-selected-text/fbimffnjoeobhjhochngikepgfejjmgj,,github.com/avm99963/translateselectedtext
wallhaven-direct-download, https://chromewebstore.google.com/detail/wallhaven-direct-download/mggclgefcmlpigdbcpfheklbhflnknkf,,github.com/eramdam/WallbaseDirectDownloader
privacy-badger, https://chromewebstore.google.com/detail/privacy-badger/pkehgijcmpdhfbdbbnkijodmdjhbjlgp,,github.com/EFForg/privacybadger
netsuite-field-finder, https://chromewebstore.google.com/detail/netsuite-field-finder/npehdolgmmdncpmkoploaeljhkngjbne,,github.com/ericlackey/netsuite-field-finder
health-and-fitness, https://chromewebstore.google.com/detail/health-and-fitness/famfklfcpjmoicmdhakofiabnfhgllfd,,github.com/kukom6/Fitness
anime-skip-player, https://chromewebstore.google.com/detail/anime-skip-player/mgmdkjcljneegjfajchedjpdhbadklcf,,github.com/anime-skip/web-extension
rikaikun, https://chromewebstore.google.com/detail/rikaikun/jipdnfibhldikgcjhfnomkfpcebammhp,,github.com/melink14/rikaikun
%EC%B9%98%EC%A6%88-%EB%82%98%EC%9D%B4%ED%94%84-%EC%B9%98%EC%A7%80%EC%A7%81-%EB%8F%84%EA%B5%AC-%EB%AA%A8%EC%9D%8C, https://chromewebstore.google.com/detail/%EC%B9%98%EC%A6%88-%EB%82%98%EC%9D%B4%ED%94%84-%EC%B9%98%EC%A7%80%EC%A7%81-%EB%8F%84%EA%B5%AC-%EB%AA%A8%EC%9D%8C/nfkfgkkhgglkgnlppncolmpekidapkjh,,github.com/jebibot/cheese-knife
windscribe-free-proxy-and, https://chromewebstore.google.com/detail/windscribe-free-proxy-and/hnmpcagpplmpfojmgmnngilcnanddlhb,,github.com/Windscribe/browser-extension
forecastio-weather, https://chromewebstore.google.com/detail/forecastio-weather/mimfincbphlfoohpgppnphclbbnbmofc,,github.com/hbmartin/chrome-forecast
lemmy-keyboard-navigation, https://chromewebstore.google.com/detail/lemmy-keyboard-navigation/lamoeoaekeeklbcekclbceaeafjkdhbi,,github.com/vmavromatis/Lemmy-keyboard-navigation
ig+vsco-fullsize, https://chromewebstore.google.com/detail/ig+vsco-fullsize/ngdfnokoifnihnknoibnbhfhnkmlfocb,,github.com/Ondkloss/ig-vsco-fullsize
password-alert, https://chromewebstore.google.com/detail/password-alert/noondiphcddnnabmjcihcjfbhfklnnep,,github.com/google/password-alert
shutterfly-address-book-e, https://chromewebstore.google.com/detail/shutterfly-address-book-e/lddlpciejomhjehckimopnomegilaocb,,github.com/rgarcia/shutterfly-address-book-exporter
zhongwen-chinese-english, https://chromewebstore.google.com/detail/zhongwen-chinese-english/kkmlkkjojmombglmlpbpapmhcaljjkde,,github.com/cschiller/zhongwen
twitch-right-now-stream-n, https://chromewebstore.google.com/detail/twitch-right-now-stream-n/jaebeaoffbboingfjbdkgbnnfdkjilld,,github.com/Klemms/TwitchRightNow
leetcode-explained, https://chromewebstore.google.com/detail/leetcode-explained/cofoinjfjcpgcjiinjhcpomcjoalijbe,,github.com/zubyj/leetcode-explained
improve-youtube-test, https://chromewebstore.google.com/detail/improve-youtube-test/lodjfjlkodalimdjgncejhkadjhacgki,,github.com/Code4Charity/Youtube-Extension
keepassxc-browser, https://chromewebstore.google.com/detail/keepassxc-browser/oboonakemofpalcgghocfoadofidjkkk,,github.com/keepassxreboot/keepassxc-browser
state-saver-for-chrome, https://chromewebstore.google.com/detail/state-saver-for-chrome/pinhflafajhafecplnpghnkolbmihbdm,,github.com/ozgursef/Chrome-Tab-Saver-Extension-
movie-meter, https://chromewebstore.google.com/detail/movie-meter/gfakmgbbohbahikekdlhjoobnhgmdchn,,github.com/fastaddons/MovieMeter
skribbl-typo, https://chromewebstore.google.com/detail/skribbl-typo/bpcilmjlpebjklinlbdjhfkkgmmfghfj,,github.com/toobeeh/skribbltypo
tab-resize-split-screen-l, https://chromewebstore.google.com/detail/tab-resize-split-screen-l/bkpenclhmiealbebdopglffmfdiilejc,,github.com/peterdotjs/tab-resize
mouse-tooltip-translator, https://chromewebstore.google.com/detail/mouse-tooltip-translator/hmigninkgibhdckiaphhmbgcghochdjc,,github.com/ttop32/MouseTooltipTranslator
rapid-journal-quality-che, https://chromewebstore.google.com/detail/rapid-journal-quality-che/mfkbhgdamgfcifnhcdebfahkgnbkagmo,,github.com/WenyanLiu/CCFrank4dblp
french-accents, https://chromewebstore.google.com/detail/french-accents/jmnjcglbcleaddocnpkckjmlloeaaaak,,github.com/itsmais/french-accents
