eimadpbcbfnmbkopoojfekhnkhdbieeh, https://chromewebstore.google.com/detail/dark-reader/eimadpbcbfnmbkopoojfekhnkhdbieeh,,https://chromewebstore.google.com/detail/dark-reader/eimadpbcbfnmbkopoojfekhnkhdbieeh
hdhinadidafjejdhmfkjgnolgimiaplp, https://chromewebstore.google.com/detail/read-aloud-a-text-to-spee/hdhinadidafjejdhmfkjgnolgimiaplp,,https://chromewebstore.google.com/detail/read-aloud-a-text-to-spee/hdhinadidafjejdhmfkjgnolgimiaplp
cfohepagpmnodfdmjliccbbigdkfcgia, https://chromewebstore.google.com/detail/location-guard/cfohepagpmnodfdmjliccbbigdkfcgia,,https://chromewebstore.google.com/detail/location-guard/cfohepagpmnodfdmjliccbbigdkfcgia
fmlboobidmkelggdainpknloccojpppi, https://chromewebstore.google.com/detail/screen-shader-smart-scree/fmlboobidmkelggdainpknloccojpppi,,https://chromewebstore.google.com/detail/screen-shader-smart-scree/fmlboobidmkelggdainpknloccojpppi
imilbobhamcfahccagbncamhpnbkaenm, https://chromewebstore.google.com/detail/darkness-beautiful-dark-t/imilbobhamcfahccagbncamhpnbkaenm,,https://chromewebstore.google.com/detail/darkness-beautiful-dark-t/imilbobhamcfahccagbncamhpnbkaenm
pijbakhgmhhadeakaocjfockpndcpobk, https://chromewebstore.google.com/detail/youtube-playlist-duration/pijbakhgmhhadeakaocjfockpndcpobk,,https://chromewebstore.google.com/detail/youtube-playlist-duration/pijbakhgmhhadeakaocjfockpndcpobk
hegiignepmecppikdlbohnnbfjdoaghj, https://chromewebstore.google.com/detail/scroll-to-top/hegiignepmecppikdlbohnnbfjdoaghj,,https://chromewebstore.google.com/detail/scroll-to-top/hegiignepmecppikdlbohnnbfjdoaghj
lpgjbchlhnpodjjnemfpfajibnclknam, https://chromewebstore.google.com/detail/ecosia-dark-mode/lpgjbchlhnpodjjnemfpfajibnclknam,,https://chromewebstore.google.com/detail/ecosia-dark-mode/lpgjbchlhnpodjjnemfpfajibnclknam
kamibelompadnaekbellinmgbphoidmj, https://chromewebstore.google.com/detail/return-youtube-comment-us/kamibelompadnaekbellinmgbphoidmj,,https://chromewebstore.google.com/detail/return-youtube-comment-us/kamibelompadnaekbellinmgbphoidmj
dphoaaiomekdhacmfoblfblmncpnbahm, https://chromewebstore.google.com/detail/chromekeepass/dphoaaiomekdhacmfoblfblmncpnbahm,,https://chromewebstore.google.com/detail/chromekeepass/dphoaaiomekdhacmfoblfblmncpnbahm
declgfomkjdohhjbcfemjklfebflhefl, https://chromewebstore.google.com/detail/dark-mode/declgfomkjdohhjbcfemjklfebflhefl,,https://chromewebstore.google.com/detail/dark-mode/declgfomkjdohhjbcfemjklfebflhefl
ggdggkhbmmgnogbcciencemciapnpeij, https://chromewebstore.google.com/detail/online-subtitles/ggdggkhbmmgnogbcciencemciapnpeij,,https://chromewebstore.google.com/detail/online-subtitles/ggdggkhbmmgnogbcciencemciapnpeij
agadcopafaojndinhloilcanpfpbonbk, https://chromewebstore.google.com/detail/youtube-volume-scroll/agadcopafaojndinhloilcanpfpbonbk,,https://chromewebstore.google.com/detail/youtube-volume-scroll/agadcopafaojndinhloilcanpfpbonbk
legimlagjjoghkoedakdjhocbeomojao, https://chromewebstore.google.com/detail/persepolis-download-manag/legimlagjjoghkoedakdjhocbeomojao,,https://chromewebstore.google.com/detail/persepolis-download-manag/legimlagjjoghkoedakdjhocbeomojao
hfpbjnmjofmfpnkcmdnkgndahgpjhpih, https://chromewebstore.google.com/detail/ecosia-dark-mode/hfpbjnmjofmfpnkcmdnkgndahgpjhpih,,https://chromewebstore.google.com/detail/ecosia-dark-mode/hfpbjnmjofmfpnkcmdnkgndahgpjhpih
bghaancnengidpcefpkbbppinjmfnlhh, https://chromewebstore.google.com/detail/chesscom-keyboard/bghaancnengidpcefpkbbppinjmfnlhh,,https://chromewebstore.google.com/detail/chesscom-keyboard/bghaancnengidpcefpkbbppinjmfnlhh
ccfomhdaagemnbhbpminjoggkbglmcgb, https://chromewebstore.google.com/detail/scroll-zoom/ccfomhdaagemnbhbpminjoggkbglmcgb,,https://chromewebstore.google.com/detail/scroll-zoom/ccfomhdaagemnbhbpminjoggkbglmcgb
bgpoafmllopbhciofdpjfeoaadfhhhnd, https://chromewebstore.google.com/detail/pimp-my-canvas/bgpoafmllopbhciofdpjfeoaadfhhhnd,,https://chromewebstore.google.com/detail/pimp-my-canvas/bgpoafmllopbhciofdpjfeoaadfhhhnd
ogffaloegjglncjfehdfplabnoondfjo, https://chromewebstore.google.com/detail/night-video-tuner/ogffaloegjglncjfehdfplabnoondfjo,,https://chromewebstore.google.com/detail/night-video-tuner/ogffaloegjglncjfehdfplabnoondfjo
jibhiolaefbcfiahgolfpmngjefngdmd, https://chromewebstore.google.com/detail/globemallow/jibhiolaefbcfiahgolfpmngjefngdmd,,https://chromewebstore.google.com/detail/globemallow/jibhiolaefbcfiahgolfpmngjefngdmd
enkmbkhkbdiaafkmofbmdahclajelgfh, https://chromewebstore.google.com/detail/slang-text-to-speech/enkmbkhkbdiaafkmofbmdahclajelgfh,,https://chromewebstore.google.com/detail/slang-text-to-speech/enkmbkhkbdiaafkmofbmdahclajelgfh
nklfemdfoghnfaeciipppcankdhmgkek, https://chromewebstore.google.com/detail/viz-hotkeys-for-viz-manga/nklfemdfoghnfaeciipppcankdhmgkek,,https://chromewebstore.google.com/detail/viz-hotkeys-for-viz-manga/nklfemdfoghnfaeciipppcankdhmgkek
ldiiocggpmgljihlkgpngjlhnggpapig, https://chromewebstore.google.com/detail/speak-to-lichess/ldiiocggpmgljihlkgpngjlhnggpapig,,https://chromewebstore.google.com/detail/speak-to-lichess/ldiiocggpmgljihlkgpngjlhnggpapig
kjfbefcenipnnpbcbbklcidpjiamlcpl, https://chromewebstore.google.com/detail/dark-mode-for-outlook/kjfbefcenipnnpbcbbklcidpjiamlcpl,,https://chromewebstore.google.com/detail/dark-mode-for-outlook/kjfbefcenipnnpbcbbklcidpjiamlcpl
pkgimcoeodgcdfnidhgijpopkfhbcomm, https://chromewebstore.google.com/detail/imgconverter/pkgimcoeodgcdfnidhgijpopkfhbcomm,,https://chromewebstore.google.com/detail/imgconverter/pkgimcoeodgcdfnidhgijpopkfhbcomm
lgpampdcaamdbdapdembdohcjadnfopg, https://chromewebstore.google.com/detail/better-text-view/lgpampdcaamdbdapdembdohcjadnfopg,,https://chromewebstore.google.com/detail/better-text-view/lgpampdcaamdbdapdembdohcjadnfopg
fapldghopmonkbgaaiinpeopokpkhbmk, https://chromewebstore.google.com/detail/analytics-ad-blocker/fapldghopmonkbgaaiinpeopokpkhbmk,,https://chromewebstore.google.com/detail/analytics-ad-blocker/fapldghopmonkbgaaiinpeopokpkhbmk
jiadeaflfegcmnjmcecffnloeochhcog, https://chromewebstore.google.com/detail/webber-the-scrollbar-hide/jiadeaflfegcmnjmcecffnloeochhcog,,https://chromewebstore.google.com/detail/webber-the-scrollbar-hide/jiadeaflfegcmnjmcecffnloeochhcog
eeckpnpnbjmpknpcmcoiceaidlajhpmh, https://chromewebstore.google.com/detail/google-docs-dark-mode-dar/eeckpnpnbjmpknpcmcoiceaidlajhpmh,,https://chromewebstore.google.com/detail/google-docs-dark-mode-dar/eeckpnpnbjmpknpcmcoiceaidlajhpmh
kkbkajnjcpgpfkhgkcckeaindpjgfgib, https://chromewebstore.google.com/detail/youtube-accelerator/kkbkajnjcpgpfkhgkcckeaindpjgfgib,,https://chromewebstore.google.com/detail/youtube-accelerator/kkbkajnjcpgpfkhgkcckeaindpjgfgib
jemoalkmipibchioofomhkgimhofbbem, https://chromewebstore.google.com/detail/mink-integrate-live-archi/jemoalkmipibchioofomhkgimhofbbem,,https://chromewebstore.google.com/detail/mink-integrate-live-archi/jemoalkmipibchioofomhkgimhofbbem
heodojceeinbkfjfilnfminlkgbacpfp, https://chromewebstore.google.com/detail/furigana-maker/heodojceeinbkfjfilnfminlkgbacpfp,,https://chromewebstore.google.com/detail/furigana-maker/heodojceeinbkfjfilnfminlkgbacpfp
nejkfbfcdikidcojhbnhoojilngpcofc, https://chromewebstore.google.com/detail/quickly-open-multiple-url/nejkfbfcdikidcojhbnhoojilngpcofc,,https://chromewebstore.google.com/detail/quickly-open-multiple-url/nejkfbfcdikidcojhbnhoojilngpcofc
kplchkeabimhnpklakhhocnhegidpcel, https://chromewebstore.google.com/detail/speech-to-text-for-chatgp/kplchkeabimhnpklakhhocnhegidpcel,,https://chromewebstore.google.com/detail/speech-to-text-for-chatgp/kplchkeabimhnpklakhhocnhegidpcel
nbijdallbnpfkkglpdepfjdlelflfkdc, https://chromewebstore.google.com/detail/enhancer-for-classroom/nbijdallbnpfkkglpdepfjdlelflfkdc,,https://chromewebstore.google.com/detail/enhancer-for-classroom/nbijdallbnpfkkglpdepfjdlelflfkdc
pmloeageofhljhdedpfpppjbjblbncbc, https://chromewebstore.google.com/detail/enlarge-youtube-profile-i/pmloeageofhljhdedpfpppjbjblbncbc,,https://chromewebstore.google.com/detail/enlarge-youtube-profile-i/pmloeageofhljhdedpfpppjbjblbncbc
blogedecchmdohakakhmboefiiendbec, https://chromewebstore.google.com/detail/scrapbox-list-marker/blogedecchmdohakakhmboefiiendbec,,https://chromewebstore.google.com/detail/scrapbox-list-marker/blogedecchmdohakakhmboefiiendbec
ofolfkcaiejibcgljnccbaaledlbmdhd, https://chromewebstore.google.com/detail/tab-less-togglable/ofolfkcaiejibcgljnccbaaledlbmdhd,,https://chromewebstore.google.com/detail/tab-less-togglable/ofolfkcaiejibcgljnccbaaledlbmdhd
lllmgdbbioiendadepmdamgpdddllhmf, https://chromewebstore.google.com/detail/chesscom-voice-input/lllmgdbbioiendadepmdamgpdddllhmf,,https://chromewebstore.google.com/detail/chesscom-voice-input/lllmgdbbioiendadepmdamgpdddllhmf
dcmbddbidlgkkaaiogiecbbjimjeicmo, https://chromewebstore.google.com/detail/vanita-outfit-manager-for/dcmbddbidlgkkaaiogiecbbjimjeicmo,,https://chromewebstore.google.com/detail/vanita-outfit-manager-for/dcmbddbidlgkkaaiogiecbbjimjeicmo
jifjdmnjnmpbclnpjlmebkclilekkdho, https://chromewebstore.google.com/detail/someity/jifjdmnjnmpbclnpjlmebkclilekkdho,,https://chromewebstore.google.com/detail/someity/jifjdmnjnmpbclnpjlmebkclilekkdho
lamkbakfmcoaibacdbpgejffopbhhpgn, https://chromewebstore.google.com/detail/lookup-personal-vocabular/lamkbakfmcoaibacdbpgejffopbhhpgn,,https://chromewebstore.google.com/detail/lookup-personal-vocabular/lamkbakfmcoaibacdbpgejffopbhhpgn
nmndcjhenmoghainokenbpgakopbplpk, https://chromewebstore.google.com/detail/remove-element/nmndcjhenmoghainokenbpgakopbplpk,,https://chromewebstore.google.com/detail/remove-element/nmndcjhenmoghainokenbpgakopbplpk
kplmeohpfcgnijkamkfibfpiibjaaeek, https://chromewebstore.google.com/detail/word-collector-improve-yo/kplmeohpfcgnijkamkfibfpiibjaaeek,,https://chromewebstore.google.com/detail/word-collector-improve-yo/kplmeohpfcgnijkamkfibfpiibjaaeek
jdaepiaaanhlmgoehjnnkhiagfkalhoc, https://chromewebstore.google.com/detail/mdn-dark-mode/jdaepiaaanhlmgoehjnnkhiagfkalhoc,,https://chromewebstore.google.com/detail/mdn-dark-mode/jdaepiaaanhlmgoehjnnkhiagfkalhoc
lamoeoaekeeklbcekclbceaeafjkdhbi, https://chromewebstore.google.com/detail/lemmy-keyboard-navigation/lamoeoaekeeklbcekclbceaeafjkdhbi,,https://chromewebstore.google.com/detail/lemmy-keyboard-navigation/lamoeoaekeeklbcekclbceaeafjkdhbi
pinhflafajhafecplnpghnkolbmihbdm, https://chromewebstore.google.com/detail/state-saver-for-chrome/pinhflafajhafecplnpghnkolbmihbdm,,https://chromewebstore.google.com/detail/state-saver-for-chrome/pinhflafajhafecplnpghnkolbmihbdm
bkpenclhmiealbebdopglffmfdiilejc, https://chromewebstore.google.com/detail/tab-resize-split-screen-l/bkpenclhmiealbebdopglffmfdiilejc,,https://chromewebstore.google.com/detail/tab-resize-split-screen-l/bkpenclhmiealbebdopglffmfdiilejc
ecabifbgmdmgdllomnfinbmaellmclnh, https://chromewebstore.google.com/detail/reader-view/ecabifbgmdmgdllomnfinbmaellmclnh,,https://chromewebstore.google.com/detail/reader-view/ecabifbgmdmgdllomnfinbmaellmclnh
oiaejidbmkiecgbjeifoejpgmdaleoha, https://chromewebstore.google.com/detail/stylebot/oiaejidbmkiecgbjeifoejpgmdaleoha,,https://chromewebstore.google.com/detail/stylebot/oiaejidbmkiecgbjeifoejpgmdaleoha
edibdbjcniadpccecjdfdjjppcpchdlm, https://chromewebstore.google.com/detail/i-still-dont-care-about-c/edibdbjcniadpccecjdfdjjppcpchdlm,,https://chromewebstore.google.com/detail/i-still-dont-care-about-c/edibdbjcniadpccecjdfdjjppcpchdlm
ajlcnbbeidbackfknkgknjefhmbngdnj, https://chromewebstore.google.com/detail/pixiv-toolkit/ajlcnbbeidbackfknkgknjefhmbngdnj,,https://chromewebstore.google.com/detail/pixiv-toolkit/ajlcnbbeidbackfknkgknjefhmbngdnj
jnmdbgnckbbmblkbammnfagdmikchhnp, https://chromewebstore.google.com/detail/mua-web-unicode-converter/jnmdbgnckbbmblkbammnfagdmikchhnp,,https://chromewebstore.google.com/detail/mua-web-unicode-converter/jnmdbgnckbbmblkbammnfagdmikchhnp
klgpaehfikejngcefmddoogibjibmbon, https://chromewebstore.google.com/detail/ynews-excluder/klgpaehfikejngcefmddoogibjibmbon,,https://chromewebstore.google.com/detail/ynews-excluder/klgpaehfikejngcefmddoogibjibmbon
ogffnhpicoghhpcbememhijlbdejchjb, https://chromewebstore.google.com/detail/dashblox-improving-roblox/ogffnhpicoghhpcbememhijlbdejchjb,,https://chromewebstore.google.com/detail/dashblox-improving-roblox/ogffnhpicoghhpcbememhijlbdejchjb
gphmhpfbknciemgfnfhjapilmcaecljh, https://chromewebstore.google.com/detail/smooth-key-scroll/gphmhpfbknciemgfnfhjapilmcaecljh,,https://chromewebstore.google.com/detail/smooth-key-scroll/gphmhpfbknciemgfnfhjapilmcaecljh
ekopmclclddpoipchmcbhifohhbmjafd, https://chromewebstore.google.com/detail/minimal-scrollbar/ekopmclclddpoipchmcbhifohhbmjafd,,https://chromewebstore.google.com/detail/minimal-scrollbar/ekopmclclddpoipchmcbhifohhbmjafd
gbncgdhklmnckojlibfhdadpfbcdbnch, https://chromewebstore.google.com/detail/chatgpt-ctrl+enter-sender/gbncgdhklmnckojlibfhdadpfbcdbnch,,https://chromewebstore.google.com/detail/chatgpt-ctrl+enter-sender/gbncgdhklmnckojlibfhdadpfbcdbnch
cmmlgikpahieigpcclckfmhnchdlfnjd, https://chromewebstore.google.com/detail/webcache/cmmlgikpahieigpcclckfmhnchdlfnjd,,https://chromewebstore.google.com/detail/webcache/cmmlgikpahieigpcclckfmhnchdlfnjd
oackhlcggjandamnkggpfhfjbnecefej, https://chromewebstore.google.com/detail/soundcloud-player/oackhlcggjandamnkggpfhfjbnecefej,,https://chromewebstore.google.com/detail/soundcloud-player/oackhlcggjandamnkggpfhfjbnecefej
ageghplgcapnfpdhapeemolbmfccclke, https://chromewebstore.google.com/detail/change-colors/ageghplgcapnfpdhapeemolbmfccclke,,https://chromewebstore.google.com/detail/change-colors/ageghplgcapnfpdhapeemolbmfccclke
akjhnbnjanndggbcegmdggfjjclohjpo, https://chromewebstore.google.com/detail/keyboard-shortcuts-for-go/akjhnbnjanndggbcegmdggfjjclohjpo,,https://chromewebstore.google.com/detail/keyboard-shortcuts-for-go/akjhnbnjanndggbcegmdggfjjclohjpo
miepjgfkkommhllbbjaedffcpkncboeo, https://chromewebstore.google.com/detail/dyslexia-friendly/miepjgfkkommhllbbjaedffcpkncboeo,,https://chromewebstore.google.com/detail/dyslexia-friendly/miepjgfkkommhllbbjaedffcpkncboeo
cehdjppppegalmaffcdffkkpmoflfhkc, https://chromewebstore.google.com/detail/popup-tab-switcher/cehdjppppegalmaffcdffkkpmoflfhkc,,https://chromewebstore.google.com/detail/popup-tab-switcher/cehdjppppegalmaffcdffkkpmoflfhkc
gemmknjnneiojfjelmgappppbaneikda, https://chromewebstore.google.com/detail/stop-animations/gemmknjnneiojfjelmgappppbaneikda,,https://chromewebstore.google.com/detail/stop-animations/gemmknjnneiojfjelmgappppbaneikda
bcefgmhpbmghjcenbklchobmogjhaagl, https://chromewebstore.google.com/detail/popup-view-for-google-tra/bcefgmhpbmghjcenbklchobmogjhaagl,,https://chromewebstore.google.com/detail/popup-view-for-google-tra/bcefgmhpbmghjcenbklchobmogjhaagl
nmdgidofjbajhphomaniiekgckpioifp, https://chromewebstore.google.com/detail/color-changer/nmdgidofjbajhphomaniiekgckpioifp,,https://chromewebstore.google.com/detail/color-changer/nmdgidofjbajhphomaniiekgckpioifp
olagniaikhbmpdgghoifgloijcndfled, https://chromewebstore.google.com/detail/show-great-on-deck-on-ste/olagniaikhbmpdgghoifgloijcndfled,,https://chromewebstore.google.com/detail/show-great-on-deck-on-ste/olagniaikhbmpdgghoifgloijcndfled
kobhgndjbalfbieppfglfamlglgdfmah, https://chromewebstore.google.com/detail/battlelog-bf4-player-coun/kobhgndjbalfbieppfglfamlglgdfmah,,https://chromewebstore.google.com/detail/battlelog-bf4-player-coun/kobhgndjbalfbieppfglfamlglgdfmah
ompocnnmgiaoieoanemepjflbokldhom, https://chromewebstore.google.com/detail/disable-google-search-tex/ompocnnmgiaoieoanemepjflbokldhom,,https://chromewebstore.google.com/detail/disable-google-search-tex/ompocnnmgiaoieoanemepjflbokldhom
pmeknoingfjncbdhempgnkdgojickcko, https://chromewebstore.google.com/detail/beeline-reader-pdf-viewer/pmeknoingfjncbdhempgnkdgojickcko,,https://chromewebstore.google.com/detail/beeline-reader-pdf-viewer/pmeknoingfjncbdhempgnkdgojickcko
jdmppbmnffdfhjlddebcelhigiomacfl, https://chromewebstore.google.com/detail/whisper-to-chatgpt/jdmppbmnffdfhjlddebcelhigiomacfl,,https://chromewebstore.google.com/detail/whisper-to-chatgpt/jdmppbmnffdfhjlddebcelhigiomacfl
jplmbheenbhcoihdheoeipfdnamlodbm, https://chromewebstore.google.com/detail/google-scholar-darkmode/jplmbheenbhcoihdheoeipfdnamlodbm,,https://chromewebstore.google.com/detail/google-scholar-darkmode/jplmbheenbhcoihdheoeipfdnamlodbm
bephhamcfencdbjmlinkpapidliffpdg, https://chromewebstore.google.com/detail/page-plain-text/bephhamcfencdbjmlinkpapidliffpdg,,https://chromewebstore.google.com/detail/page-plain-text/bephhamcfencdbjmlinkpapidliffpdg
kpogandfndblomniegfaeakkjchmiedi, https://chromewebstore.google.com/detail/nukem/kpogandfndblomniegfaeakkjchmiedi,,https://chromewebstore.google.com/detail/nukem/kpogandfndblomniegfaeakkjchmiedi
