cjpalhdlnbpafiamejdnhcphjbkeiagm, https://chromewebstore.google.com/detail/ublock-origin/cjpalhdlnbpafiamejdnhcphjbkeiagm,,https://chromewebstore.google.com/detail/ublock-origin/cjpalhdlnbpafiamejdnhcphjbkeiagm
ohahllgiabjaoigichmmfljhkcfikeof, https://chromewebstore.google.com/detail/adblocker-ultimate/ohahllgiabjaoigichmmfljhkcfikeof,,https://chromewebstore.google.com/detail/adblocker-ultimate/ohahllgiabjaoigichmmfljhkcfikeof
akcocjjpkmlniicdeemdceeajlmoabhg, https://chromewebstore.google.com/detail/free-vpn-1vpn/akcocjjpkmlniicdeemdceeajlmoabhg,,https://chromewebstore.google.com/detail/free-vpn-1vpn/akcocjjpkmlniicdeemdceeajlmoabhg
einpaelgookohagofgnnkcfjbkkgepnp, https://chromewebstore.google.com/detail/random-user-agent-switche/einpaelgookohagofgnnkcfjbkkgepnp,,https://chromewebstore.google.com/detail/random-user-agent-switche/einpaelgookohagofgnnkcfjbkkgepnp
iadbdpnoknmbdeolbapdackdcogdmjpe, https://chromewebstore.google.com/detail/addyio-anonymous-email-fo/iadbdpnoknmbdeolbapdackdcogdmjpe,,https://chromewebstore.google.com/detail/addyio-anonymous-email-fo/iadbdpnoknmbdeolbapdackdcogdmjpe
hdbnkdbhglahihjdbodmfefogcjbpgbo, https://chromewebstore.google.com/detail/optmeowt/hdbnkdbhglahihjdbodmfefogcjbpgbo,,https://chromewebstore.google.com/detail/optmeowt/hdbnkdbhglahihjdbodmfefogcjbpgbo
cnmbailpgmdagpofalkeoeooefdkjfdl, https://chromewebstore.google.com/detail/wallet-highlighter-crypto/cnmbailpgmdagpofalkeoeooefdkjfdl,,https://chromewebstore.google.com/detail/wallet-highlighter-crypto/cnmbailpgmdagpofalkeoeooefdkjfdl
lnhofcfhehhcbccpmdmdpjncdoihmkkh, https://chromewebstore.google.com/detail/passwordmaker-pro/lnhofcfhehhcbccpmdmdpjncdoihmkkh,,https://chromewebstore.google.com/detail/passwordmaker-pro/lnhofcfhehhcbccpmdmdpjncdoihmkkh
bgnkhhnnamicmpeenaelnjfhikgbkllg, https://chromewebstore.google.com/detail/adguard-adblocker/bgnkhhnnamicmpeenaelnjfhikgbkllg,,https://chromewebstore.google.com/detail/adguard-adblocker/bgnkhhnnamicmpeenaelnjfhikgbkllg
bkdgflcldnnnapblkhphbgpggdiikppg, https://chromewebstore.google.com/detail/duckduckgo-privacy-essent/bkdgflcldnnnapblkhphbgpggdiikppg,,https://chromewebstore.google.com/detail/duckduckgo-privacy-essent/bkdgflcldnnnapblkhphbgpggdiikppg
pkehgijcmpdhfbdbbnkijodmdjhbjlgp, https://chromewebstore.google.com/detail/privacy-badger/pkehgijcmpdhfbdbbnkijodmdjhbjlgp,,https://chromewebstore.google.com/detail/privacy-badger/pkehgijcmpdhfbdbbnkijodmdjhbjlgp
noondiphcddnnabmjcihcjfbhfklnnep, https://chromewebstore.google.com/detail/password-alert/noondiphcddnnabmjcihcjfbhfklnnep,,https://chromewebstore.google.com/detail/password-alert/noondiphcddnnabmjcihcjfbhfklnnep
mdjildafknihdffpkfmmpnpoiajfjnjd, https://chromewebstore.google.com/detail/consent-o-matic/mdjildafknihdffpkfmmpnpoiajfjnjd,,https://chromewebstore.google.com/detail/consent-o-matic/mdjildafknihdffpkfmmpnpoiajfjnjd
lkgcfobnmghhbhgekffaadadhmeoindg, https://chromewebstore.google.com/detail/purple-ads-blocker/lkgcfobnmghhbhgekffaadadhmeoindg,,https://chromewebstore.google.com/detail/purple-ads-blocker/lkgcfobnmghhbhgekffaadadhmeoindg
lebiggkccaodkkmjeimmbogdedcpnmfb, https://chromewebstore.google.com/detail/block-site/lebiggkccaodkkmjeimmbogdedcpnmfb,,https://chromewebstore.google.com/detail/block-site/lebiggkccaodkkmjeimmbogdedcpnmfb
ncbknoohfjmcfneopnfkapmkblaenokb, https://chromewebstore.google.com/detail/vytal-spoof-timezone-geol/ncbknoohfjmcfneopnfkapmkblaenokb,,https://chromewebstore.google.com/detail/vytal-spoof-timezone-geol/ncbknoohfjmcfneopnfkapmkblaenokb
ekjaiclbdpcipefbepbjnndmbggcjeci, https://chromewebstore.google.com/detail/no-bookmarklets/ekjaiclbdpcipefbepbjnndmbggcjeci,,https://chromewebstore.google.com/detail/no-bookmarklets/ekjaiclbdpcipefbepbjnndmbggcjeci
mdiikcjojbiohaoechokgkdiodcfokpn, https://chromewebstore.google.com/detail/anti-grabify/mdiikcjojbiohaoechokgkdiodcfokpn,,https://chromewebstore.google.com/detail/anti-grabify/mdiikcjojbiohaoechokgkdiodcfokpn
jnjobgjobffgmgfnkpkjfjkkfhfikmfl, https://chromewebstore.google.com/detail/password-generator/jnjobgjobffgmgfnkpkjfjkkfhfikmfl,,https://chromewebstore.google.com/detail/password-generator/jnjobgjobffgmgfnkpkjfjkkfhfikmfl
npdeilagbbimhnbbdjmagmedchnpjeid, https://chromewebstore.google.com/detail/lakera-chatgpt-data-leak/npdeilagbbimhnbbdjmagmedchnpjeid,,https://chromewebstore.google.com/detail/lakera-chatgpt-data-leak/npdeilagbbimhnbbdjmagmedchnpjeid
hmbgmokpddhjjncclckdfnolbhfjnoam, https://chromewebstore.google.com/detail/searx-search-provider/hmbgmokpddhjjncclckdfnolbhfjnoam,,https://chromewebstore.google.com/detail/searx-search-provider/hmbgmokpddhjjncclckdfnolbhfjnoam
elmbjjhgiifenlhffpjcjfkjmilbbfki, https://chromewebstore.google.com/detail/social-switch/elmbjjhgiifenlhffpjcjfkjmilbbfki,,https://chromewebstore.google.com/detail/social-switch/elmbjjhgiifenlhffpjcjfkjmilbbfki
aiillidfcgfckfhkpiakhkkpbkknagnp, https://chromewebstore.google.com/detail/predirect/aiillidfcgfckfhkpiakhkkpbkknagnp,,https://chromewebstore.google.com/detail/predirect/aiillidfcgfckfhkpiakhkkpbkknagnp
mkbgfbjaoibojobjpimpkaofckkgknhi, https://chromewebstore.google.com/detail/eusonlito-password-manage/mkbgfbjaoibojobjpimpkaofckkgknhi,,https://chromewebstore.google.com/detail/eusonlito-password-manage/mkbgfbjaoibojobjpimpkaofckkgknhi
dlhckcablohllindinahbbpnfgblimoe, https://chromewebstore.google.com/detail/just-delete-me/dlhckcablohllindinahbbpnfgblimoe,,https://chromewebstore.google.com/detail/just-delete-me/dlhckcablohllindinahbbpnfgblimoe
hnmpcagpplmpfojmgmnngilcnanddlhb, https://chromewebstore.google.com/detail/windscribe-free-proxy-and/hnmpcagpplmpfojmgmnngilcnanddlhb,,https://chromewebstore.google.com/detail/windscribe-free-proxy-and/hnmpcagpplmpfojmgmnngilcnanddlhb
oboonakemofpalcgghocfoadofidjkkk, https://chromewebstore.google.com/detail/keepassxc-browser/oboonakemofpalcgghocfoadofidjkkk,,https://chromewebstore.google.com/detail/keepassxc-browser/oboonakemofpalcgghocfoadofidjkkk
gcknhkkoolaabfmlnjonogaaifnjlfnp, https://chromewebstore.google.com/detail/foxyproxy/gcknhkkoolaabfmlnjonogaaifnjlfnp,,https://chromewebstore.google.com/detail/foxyproxy/gcknhkkoolaabfmlnjonogaaifnjlfnp
gaidoampbkcknofoejhnhbhbhhifgdop, https://chromewebstore.google.com/detail/censor-tracker-%E2%80%93-proxy-fo/gaidoampbkcknofoejhnhbhbhhifgdop,,https://chromewebstore.google.com/detail/censor-tracker-%E2%80%93-proxy-fo/gaidoampbkcknofoejhnhbhbhhifgdop
gfggjaccafhcbfogfkogggoepomehbjl, https://chromewebstore.google.com/detail/adguard-adblocker-beta/gfggjaccafhcbfogfkogggoepomehbjl,,https://chromewebstore.google.com/detail/adguard-adblocker-beta/gfggjaccafhcbfogfkogggoepomehbjl
jgnfghanfbjmimbdmnjfofnbcgpkbegj, https://chromewebstore.google.com/detail/keepasshelper-password-ma/jgnfghanfbjmimbdmnjfofnbcgpkbegj,,https://chromewebstore.google.com/detail/keepasshelper-password-ma/jgnfghanfbjmimbdmnjfofnbcgpkbegj
dookpfaalaaappcdneeahomimbllocnb, https://chromewebstore.google.com/detail/foxyproxy-basic/dookpfaalaaappcdneeahomimbllocnb,,https://chromewebstore.google.com/detail/foxyproxy-basic/dookpfaalaaappcdneeahomimbllocnb
apjcbfpjihpedihablmalmbbhjpklbdf, https://chromewebstore.google.com/detail/adguard-adblocker-mv3-exp/apjcbfpjihpedihablmalmbbhjpklbdf,,https://chromewebstore.google.com/detail/adguard-adblocker-mv3-exp/apjcbfpjihpedihablmalmbbhjpklbdf
lccbohhgfkdikahanoclbdmaolidjdfl, https://chromewebstore.google.com/detail/wigwam-%E2%80%94-web3-wallet/lccbohhgfkdikahanoclbdmaolidjdfl,,https://chromewebstore.google.com/detail/wigwam-%E2%80%94-web3-wallet/lccbohhgfkdikahanoclbdmaolidjdfl
kfjjacionkafnmnjhdghdfoinihnijgn, https://chromewebstore.google.com/detail/adguard-vpn-beta/kfjjacionkafnmnjhdghdfoinihnijgn,,https://chromewebstore.google.com/detail/adguard-vpn-beta/kfjjacionkafnmnjhdghdfoinihnijgn
jkpocifanmihboebfhigkjcdihgfcdnb, https://chromewebstore.google.com/detail/ping-blocker/jkpocifanmihboebfhigkjcdihgfcdnb,,https://chromewebstore.google.com/detail/ping-blocker/jkpocifanmihboebfhigkjcdihgfcdnb
fgcngeihbacfndglmmmdkkdlhgndkaaf, https://chromewebstore.google.com/detail/windscribe-experimental-m/fgcngeihbacfndglmmmdkkdlhgndkaaf,,https://chromewebstore.google.com/detail/windscribe-experimental-m/fgcngeihbacfndglmmmdkkdlhgndkaaf
nckdpkhlinkgcebghcecbaohbeemdmjk, https://chromewebstore.google.com/detail/adblock-pro-open-source-a/nckdpkhlinkgcebghcecbaohbeemdmjk,,https://chromewebstore.google.com/detail/adblock-pro-open-source-a/nckdpkhlinkgcebghcecbaohbeemdmjk
lapppchpconamefemlnjdebbcpbncafl, https://chromewebstore.google.com/detail/lan-port-scan-forbidder/lapppchpconamefemlnjdebbcpbncafl,,https://chromewebstore.google.com/detail/lan-port-scan-forbidder/lapppchpconamefemlnjdebbcpbncafl
kdjmiebhgaleboaamnehjbamlghkoedf, https://chromewebstore.google.com/detail/intercept-redirect/kdjmiebhgaleboaamnehjbamlghkoedf,,https://chromewebstore.google.com/detail/intercept-redirect/kdjmiebhgaleboaamnehjbamlghkoedf
oedhkcdedcfloepkpacoocblokifkgjf, https://chromewebstore.google.com/detail/email-masker/oedhkcdedcfloepkpacoocblokifkgjf,,https://chromewebstore.google.com/detail/email-masker/oedhkcdedcfloepkpacoocblokifkgjf
ebigikdfolbipomeaknpooibomohhhhk, https://chromewebstore.google.com/detail/adrium-easy-pass/ebigikdfolbipomeaknpooibomohhhhk,,https://chromewebstore.google.com/detail/adrium-easy-pass/ebigikdfolbipomeaknpooibomohhhhk
ccdeeemajicjhdldloahdddilalegklp, https://chromewebstore.google.com/detail/raccoon-temporary-disposa/ccdeeemajicjhdldloahdddilalegklp,,https://chromewebstore.google.com/detail/raccoon-temporary-disposa/ccdeeemajicjhdldloahdddilalegklp
ogfcmafjalglgifnmanfmnieipoejdcf, https://chromewebstore.google.com/detail/umatrix/ogfcmafjalglgifnmanfmnieipoejdcf,,https://chromewebstore.google.com/detail/umatrix/ogfcmafjalglgifnmanfmnieipoejdcf
kippogcnigegkjidkpfpaeimabcoboak, https://chromewebstore.google.com/detail/download-blocker/kippogcnigegkjidkpfpaeimabcoboak,,https://chromewebstore.google.com/detail/download-blocker/kippogcnigegkjidkpfpaeimabcoboak
jchobbjgibcahbheicfocecmhocglkco, https://chromewebstore.google.com/detail/neat-url/jchobbjgibcahbheicfocecmhocglkco,,https://chromewebstore.google.com/detail/neat-url/jchobbjgibcahbheicfocecmhocglkco
naepdomgkenhinolocfifgehidddafch, https://chromewebstore.google.com/detail/browserpass/naepdomgkenhinolocfifgehidddafch,,https://chromewebstore.google.com/detail/browserpass/naepdomgkenhinolocfifgehidddafch
hlpjhlifkgmoibhollggngbbhbejecph, https://chromewebstore.google.com/detail/passman/hlpjhlifkgmoibhollggngbbhbejecph,,https://chromewebstore.google.com/detail/passman/hlpjhlifkgmoibhollggngbbhbejecph
kmhmhfalodpigohkmmafmaaonoemoejl, https://chromewebstore.google.com/detail/prompt-firewall-chatgpt-d/kmhmhfalodpigohkmmafmaaonoemoejl,,https://chromewebstore.google.com/detail/prompt-firewall-chatgpt-d/kmhmhfalodpigohkmmafmaaonoemoejl
jhladehmdkeodebhhkaebgneankeeelf, https://chromewebstore.google.com/detail/no-privacy-sandbox/jhladehmdkeodebhhkaebgneankeeelf,,https://chromewebstore.google.com/detail/no-privacy-sandbox/jhladehmdkeodebhhkaebgneankeeelf
