hfjbmagddngcpeloejdejnfgbamkjaeg, https://chromewebstore.google.com/detail/vimium-c-all-by-keyboard/hfjbmagddngcpeloejdejnfgbamkjaeg,,https://chromewebstore.google.com/detail/vimium-c-all-by-keyboard/hfjbmagddngcpeloejdejnfgbamkjaeg
felphkbfjadmcejnibcmcncimlappdde, https://chromewebstore.google.com/detail/clear-new-tab/felphkbfjadmcejnibcmcncimlappdde,,https://chromewebstore.google.com/detail/clear-new-tab/felphkbfjadmcejnibcmcncimlappdde
mfgdmpfihlmdekaclngibpjhdebndhdj, https://chromewebstore.google.com/detail/humble-new-tab-page/mfgdmpfihlmdekaclngibpjhdebndhdj,,https://chromewebstore.google.com/detail/humble-new-tab-page/mfgdmpfihlmdekaclngibpjhdebndhdj
lpobdmdfgjokempajoobgfdnhjbjlnpm, https://chromewebstore.google.com/detail/+sub/lpobdmdfgjokempajoobgfdnhjbjlnpm,,https://chromewebstore.google.com/detail/+sub/lpobdmdfgjokempajoobgfdnhjbjlnpm
fljfmblajgejeicncojogelbkhbobejn, https://chromewebstore.google.com/detail/discogs-enhancer/fljfmblajgejeicncojogelbkhbobejn,,https://chromewebstore.google.com/detail/discogs-enhancer/fljfmblajgejeicncojogelbkhbobejn
jifommjndpnefcfplgnbhabocomgdjjg, https://chromewebstore.google.com/detail/scrollmaps/jifommjndpnefcfplgnbhabocomgdjjg,,https://chromewebstore.google.com/detail/scrollmaps/jifommjndpnefcfplgnbhabocomgdjjg
hnninpkmflibadgihijdmlilikhdgajj, https://chromewebstore.google.com/detail/topscroll/hnninpkmflibadgihijdmlilikhdgajj,,https://chromewebstore.google.com/detail/topscroll/hnninpkmflibadgihijdmlilikhdgajj
bngmbednanpcfochchhgbkookpiaiaid, https://chromewebstore.google.com/detail/mue/bngmbednanpcfochchhgbkookpiaiaid,,https://chromewebstore.google.com/detail/mue/bngmbednanpcfochchhgbkookpiaiaid
gpibgniomobngodpnikhheifblbpbbah, https://chromewebstore.google.com/detail/tab-keeper-chrome-tab-man/gpibgniomobngodpnikhheifblbpbbah,,https://chromewebstore.google.com/detail/tab-keeper-chrome-tab-man/gpibgniomobngodpnikhheifblbpbbah
ldfaccjdcphlaodakclpiomadaakoobd, https://chromewebstore.google.com/detail/asanatabs/ldfaccjdcphlaodakclpiomadaakoobd,,https://chromewebstore.google.com/detail/asanatabs/ldfaccjdcphlaodakclpiomadaakoobd
dlhcacedlaiagoocbbgkeclgklanpmim, https://chromewebstore.google.com/detail/atarashii-new-tab-page/dlhcacedlaiagoocbbgkeclgklanpmim,,https://chromewebstore.google.com/detail/atarashii-new-tab-page/dlhcacedlaiagoocbbgkeclgklanpmim
aheaidmpdognkkmllipnnjgkkomeafle, https://chromewebstore.google.com/detail/dark-mode-for-tryhackme/aheaidmpdognkkmllipnnjgkkomeafle,,https://chromewebstore.google.com/detail/dark-mode-for-tryhackme/aheaidmpdognkkmllipnnjgkkomeafle
fceclmihdanbepiogjoeiolnpkalcjpe, https://chromewebstore.google.com/detail/php-revival/fceclmihdanbepiogjoeiolnpkalcjpe,,https://chromewebstore.google.com/detail/php-revival/fceclmihdanbepiogjoeiolnpkalcjpe
ignndocldlheghlflchdbokagecncgmm, https://chromewebstore.google.com/detail/laconic-hover-for-tv-trop/ignndocldlheghlflchdbokagecncgmm,,https://chromewebstore.google.com/detail/laconic-hover-for-tv-trop/ignndocldlheghlflchdbokagecncgmm
majholifapnemhnnollokllmmopdiaba, https://chromewebstore.google.com/detail/erp-quick-actions/majholifapnemhnnollokllmmopdiaba,,https://chromewebstore.google.com/detail/erp-quick-actions/majholifapnemhnnollokllmmopdiaba
mnjggcdmjocbbbhaepdhchncahnbgone, https://chromewebstore.google.com/detail/sponsorblock-for-youtube/mnjggcdmjocbbbhaepdhchncahnbgone,,https://chromewebstore.google.com/detail/sponsorblock-for-youtube/mnjggcdmjocbbbhaepdhchncahnbgone
pccckmaobkjjboncdfnnofkonhgpceea, https://chromewebstore.google.com/detail/hover-zoom+/pccckmaobkjjboncdfnnofkonhgpceea,,https://chromewebstore.google.com/detail/hover-zoom+/pccckmaobkjjboncdfnnofkonhgpceea
dgmanlpmmkibanfdgjocnabmcaclkmod, https://chromewebstore.google.com/detail/just-read/dgmanlpmmkibanfdgjocnabmcaclkmod,,https://chromewebstore.google.com/detail/just-read/dgmanlpmmkibanfdgjocnabmcaclkmod
oiigbmnaadbkfbmpbfijlflahbdbdgdf, https://chromewebstore.google.com/detail/scriptsafe/oiigbmnaadbkfbmpbfijlflahbdbdgdf,,https://chromewebstore.google.com/detail/scriptsafe/oiigbmnaadbkfbmpbfijlflahbdbdgdf
pihphjfnfjmdbhakhjifipfdgbpenobg, https://chromewebstore.google.com/detail/docsafterdark/pihphjfnfjmdbhakhjifipfdgbpenobg,,https://chromewebstore.google.com/detail/docsafterdark/pihphjfnfjmdbhakhjifipfdgbpenobg
jnjfeinjfmenlddahdjdmgpbokiacbbb, https://chromewebstore.google.com/detail/quick-tabs/jnjfeinjfmenlddahdjdmgpbokiacbbb,,https://chromewebstore.google.com/detail/quick-tabs/jnjfeinjfmenlddahdjdmgpbokiacbbb
ignpacbgnbnkaiooknalneoeladjnfgb, https://chromewebstore.google.com/detail/url-in-title/ignpacbgnbnkaiooknalneoeladjnfgb,,https://chromewebstore.google.com/detail/url-in-title/ignpacbgnbnkaiooknalneoeladjnfgb
mpcooeefegelfehalmefdeojlkinjjho, https://chromewebstore.google.com/detail/search-image-with-yandex/mpcooeefegelfehalmefdeojlkinjjho,,https://chromewebstore.google.com/detail/search-image-with-yandex/mpcooeefegelfehalmefdeojlkinjjho
chinfkfmaefdlchhempbfgbdagheknoj, https://chromewebstore.google.com/detail/scroll-to-top-button/chinfkfmaefdlchhempbfgbdagheknoj,,https://chromewebstore.google.com/detail/scroll-to-top-button/chinfkfmaefdlchhempbfgbdagheknoj
paponcgjfojgemddooebbgniglhkajkj, https://chromewebstore.google.com/detail/ambient-light-for-youtube/paponcgjfojgemddooebbgniglhkajkj,,https://chromewebstore.google.com/detail/ambient-light-for-youtube/paponcgjfojgemddooebbgniglhkajkj
llhmaciggnibnbdokidmbilklceaobae, https://chromewebstore.google.com/detail/html5-video-keyboard-shor/llhmaciggnibnbdokidmbilklceaobae,,https://chromewebstore.google.com/detail/html5-video-keyboard-shor/llhmaciggnibnbdokidmbilklceaobae
blhbohajaekmpblcffpkpogkhkmmbbhf, https://chromewebstore.google.com/detail/tab-close-gold/blhbohajaekmpblcffpkpogkhkmmbbhf,,https://chromewebstore.google.com/detail/tab-close-gold/blhbohajaekmpblcffpkpogkhkmmbbhf
pkeofncjnjaleflnefmnnlabbfigfjhd, https://chromewebstore.google.com/detail/gemini-ai-chat-for-google/pkeofncjnjaleflnefmnnlabbfigfjhd,,https://chromewebstore.google.com/detail/gemini-ai-chat-for-google/pkeofncjnjaleflnefmnnlabbfigfjhd
kpblgdhkligkbbnbpkigppblggflihgn, https://chromewebstore.google.com/detail/minim/kpblgdhkligkbbnbpkigppblggflihgn,,https://chromewebstore.google.com/detail/minim/kpblgdhkligkbbnbpkigppblggflihgn
mippmhcfjhliihkkdobllhpdnmmciaim, https://chromewebstore.google.com/detail/tab-master-5000/mippmhcfjhliihkkdobllhpdnmmciaim,,https://chromewebstore.google.com/detail/tab-master-5000/mippmhcfjhliihkkdobllhpdnmmciaim
fplghnonomhbnlhdnmjpipoomkjdpeim, https://chromewebstore.google.com/detail/homely/fplghnonomhbnlhdnmjpipoomkjdpeim,,https://chromewebstore.google.com/detail/homely/fplghnonomhbnlhdnmjpipoomkjdpeim
jappgmhllahigjolfpgbjdfhciabdnde, https://chromewebstore.google.com/detail/link-map/jappgmhllahigjolfpgbjdfhciabdnde,,https://chromewebstore.google.com/detail/link-map/jappgmhllahigjolfpgbjdfhciabdnde
cplddgdncahafjjpimjjbghigkeabiod, https://chromewebstore.google.com/detail/brainly-companion/cplddgdncahafjjpimjjbghigkeabiod,,https://chromewebstore.google.com/detail/brainly-companion/cplddgdncahafjjpimjjbghigkeabiod
nbdfpcokndmapcollfpjdpjlabnibjdi, https://chromewebstore.google.com/detail/saka/nbdfpcokndmapcollfpjdpjlabnibjdi,,https://chromewebstore.google.com/detail/saka/nbdfpcokndmapcollfpjdpjlabnibjdi
ednlokepbjfieampgfdabeglnceoheni, https://chromewebstore.google.com/detail/picture-in-picture-shortc/ednlokepbjfieampgfdabeglnceoheni,,https://chromewebstore.google.com/detail/picture-in-picture-shortc/ednlokepbjfieampgfdabeglnceoheni
ghdcoodfcolpdebbdhbgkbodbjololfl, https://chromewebstore.google.com/detail/image-viewer/ghdcoodfcolpdebbdhbgkbodbjololfl,,https://chromewebstore.google.com/detail/image-viewer/ghdcoodfcolpdebbdhbgkbodbjololfl
hijebeohkblbdbfmmllpfgneocfhmlao, https://chromewebstore.google.com/detail/ppz/hijebeohkblbdbfmmllpfgneocfhmlao,,https://chromewebstore.google.com/detail/ppz/hijebeohkblbdbfmmllpfgneocfhmlao
gpgijjcmnjpbdpaijihbchgdeencehng, https://chromewebstore.google.com/detail/video-experience-enhancer/gpgijjcmnjpbdpaijihbchgdeencehng,,https://chromewebstore.google.com/detail/video-experience-enhancer/gpgijjcmnjpbdpaijihbchgdeencehng
mndmnpnegjbnfakegcedmfccfiapdnhc, https://chromewebstore.google.com/detail/steelseries-browser-cinem/mndmnpnegjbnfakegcedmfccfiapdnhc,,https://chromewebstore.google.com/detail/steelseries-browser-cinem/mndmnpnegjbnfakegcedmfccfiapdnhc
hnbcgkmojpjmncmplcnefjnmcbckadff, https://chromewebstore.google.com/detail/spoton/hnbcgkmojpjmncmplcnefjnmcbckadff,,https://chromewebstore.google.com/detail/spoton/hnbcgkmojpjmncmplcnefjnmcbckadff
anfjeecbbmmjhbpopgnhibodoblgaakj, https://chromewebstore.google.com/detail/mattab/anfjeecbbmmjhbpopgnhibodoblgaakj,,https://chromewebstore.google.com/detail/mattab/anfjeecbbmmjhbpopgnhibodoblgaakj
ainabceojclhldicflamfgghhkmmcnlo, https://chromewebstore.google.com/detail/flowtab/ainabceojclhldicflamfgghhkmmcnlo,,https://chromewebstore.google.com/detail/flowtab/ainabceojclhldicflamfgghhkmmcnlo
keiaaebomajecbjhpfembkjcillhkpbg, https://chromewebstore.google.com/detail/classic-twitter-logo/keiaaebomajecbjhpfembkjcillhkpbg,,https://chromewebstore.google.com/detail/classic-twitter-logo/keiaaebomajecbjhpfembkjcillhkpbg
ddmgffoffelnhnonpoiblaoboaeieejl, https://chromewebstore.google.com/detail/semanticfinder/ddmgffoffelnhnonpoiblaoboaeieejl,,https://chromewebstore.google.com/detail/semanticfinder/ddmgffoffelnhnonpoiblaoboaeieejl
bnclejfcblondkjliiblkojdeloomadd, https://chromewebstore.google.com/detail/tab-muter/bnclejfcblondkjliiblkojdeloomadd,,https://chromewebstore.google.com/detail/tab-muter/bnclejfcblondkjliiblkojdeloomadd
pehohlhkhbcfdneocgnfbnilppmfncdg, https://chromewebstore.google.com/detail/better-youtube-shorts/pehohlhkhbcfdneocgnfbnilppmfncdg,,https://chromewebstore.google.com/detail/better-youtube-shorts/pehohlhkhbcfdneocgnfbnilppmfncdg
eobhfnijalkolbbmdoonheekjidkoojd, https://chromewebstore.google.com/detail/messenger-dark-theme/eobhfnijalkolbbmdoonheekjidkoojd,,https://chromewebstore.google.com/detail/messenger-dark-theme/eobhfnijalkolbbmdoonheekjidkoojd
nplngmgdacdfncdkpdomipkehfnbinfa, https://chromewebstore.google.com/detail/read-later/nplngmgdacdfncdkpdomipkehfnbinfa,,https://chromewebstore.google.com/detail/read-later/nplngmgdacdfncdkpdomipkehfnbinfa
bfpogemllmpcpclnadighnpeeaegigjk, https://chromewebstore.google.com/detail/peek-preview-pdfs-office/bfpogemllmpcpclnadighnpeeaegigjk,,https://chromewebstore.google.com/detail/peek-preview-pdfs-office/bfpogemllmpcpclnadighnpeeaegigjk
hbnmehpggmbpiackncinpnlgkgbgmpjk, https://chromewebstore.google.com/detail/bookmark-iconizer/hbnmehpggmbpiackncinpnlgkgbgmpjk,,https://chromewebstore.google.com/detail/bookmark-iconizer/hbnmehpggmbpiackncinpnlgkgbgmpjk
bdifipamjgmfefcpemmlppcmcdjndhig, https://chromewebstore.google.com/detail/bbc-dark/bdifipamjgmfefcpemmlppcmcdjndhig,,https://chromewebstore.google.com/detail/bbc-dark/bdifipamjgmfefcpemmlppcmcdjndhig
oeccdogiekfcglkneepeaodoendiikic, https://chromewebstore.google.com/detail/pushpin/oeccdogiekfcglkneepeaodoendiikic,,https://chromewebstore.google.com/detail/pushpin/oeccdogiekfcglkneepeaodoendiikic
bcolcolejgecmpoklbikgcecpmchnkhh, https://chromewebstore.google.com/detail/tab-saver/bcolcolejgecmpoklbikgcecpmchnkhh,,https://chromewebstore.google.com/detail/tab-saver/bcolcolejgecmpoklbikgcecpmchnkhh
pkklffjkfmhpoiepobbldnadjflciinb, https://chromewebstore.google.com/detail/simple-new-tab-url/pkklffjkfmhpoiepobbldnadjflciinb,,https://chromewebstore.google.com/detail/simple-new-tab-url/pkklffjkfmhpoiepobbldnadjflciinb
afdeadcjhgnnpaifcmpebddnmckfplmo, https://chromewebstore.google.com/detail/sticky-scribble/afdeadcjhgnnpaifcmpebddnmckfplmo,,https://chromewebstore.google.com/detail/sticky-scribble/afdeadcjhgnnpaifcmpebddnmckfplmo
aabpiidneeojeichdhncnjmdopgglakk, https://chromewebstore.google.com/detail/unread-tab/aabpiidneeojeichdhncnjmdopgglakk,,https://chromewebstore.google.com/detail/unread-tab/aabpiidneeojeichdhncnjmdopgglakk
dldjpboieedgcmpkchcjcbijingjcgok, https://chromewebstore.google.com/detail/fuel-wallet/dldjpboieedgcmpkchcjcbijingjcgok,,https://chromewebstore.google.com/detail/fuel-wallet/dldjpboieedgcmpkchcjcbijingjcgok
enamippconapkdmgfgjchkhakpfinmaj, https://chromewebstore.google.com/detail/dearrow-better-titles-and/enamippconapkdmgfgjchkhakpfinmaj,,https://chromewebstore.google.com/detail/dearrow-better-titles-and/enamippconapkdmgfgjchkhakpfinmaj
kbgmbmkhepchmmcnbdbclpkpegbgikjc, https://chromewebstore.google.com/detail/%E7%AE%80-tab-simptab-%E6%96%B0%E6%A0%87%E7%AD%BE%E9%A1%B5/kbgmbmkhepchmmcnbdbclpkpegbgikjc,,https://chromewebstore.google.com/detail/%E7%AE%80-tab-simptab-%E6%96%B0%E6%A0%87%E7%AD%BE%E9%A1%B5/kbgmbmkhepchmmcnbdbclpkpegbgikjc
npehdolgmmdncpmkoploaeljhkngjbne, https://chromewebstore.google.com/detail/netsuite-field-finder/npehdolgmmdncpmkoploaeljhkngjbne,,https://chromewebstore.google.com/detail/netsuite-field-finder/npehdolgmmdncpmkoploaeljhkngjbne
kpjklikhldpeiibfhadeogaaeenhffba, https://chromewebstore.google.com/detail/darkbili-dark-mode-for-bi/kpjklikhldpeiibfhadeogaaeenhffba,,https://chromewebstore.google.com/detail/darkbili-dark-mode-for-bi/kpjklikhldpeiibfhadeogaaeenhffba
jfnjmnapkhdbaidedlbdcmhiphfjljcd, https://chromewebstore.google.com/detail/chorus-spotify-enhancer/jfnjmnapkhdbaidedlbdcmhiphfjljcd,,https://chromewebstore.google.com/detail/chorus-spotify-enhancer/jfnjmnapkhdbaidedlbdcmhiphfjljcd
