dcjichoefijpinlfnjghokpkojhlhkgl, https://chromewebstore.google.com/detail/notifier-for-gmail/dcjichoefijpinlfnjghokpkojhlhkgl,,github.com/inbasic/ignotifier
bnjglocicdkmhmoohhfkfkbbkejdhdgc, https://chromewebstore.google.com/detail/flowcrypt-encrypt-gmail-w/bnjglocicdkmhmoohhfkfkbbkejdhdgc,,github.com/FlowCrypt/
ehakihemolfjgbbfhkbjgahppbhecclh, https://chromewebstore.google.com/detail/passlok-for-email/ehakihemolfjgbbfhkbjgahppbhecclh,,github.com/fruiz500/PassLok4email/issues
jhcjpmnikljjacpclfgcdbcemhfojkeb, https://chromewebstore.google.com/detail/nameinserter/jhcjpmnikljjacpclfgcdbcemhfojkeb,,github.com/MarsX-dev/GrowthX
kajibbejlbohfaggdiogboambcijhkke, https://chromewebstore.google.com/detail/mailvelope/kajibbejlbohfaggdiogboambcijhkke,,github.com/mailvelope/mailvelope
cmonbbaipgkkooachioonbkjbbddclpe, https://chromewebstore.google.com/detail/free-openvpn-server-finde/cmonbbaipgkkooachioonbkjbbddclpe,,github.com/andy-portmen/ovfinder
fdaopifdchifnfaiammaknlaniecbdmo, https://chromewebstore.google.com/detail/emojit/fdaopifdchifnfaiammaknlaniecbdmo,,github.com/emogit/emojit/releases
klnaejjgbibmhlephnhpmaofohgkpgkd, https://chromewebstore.google.com/detail/zilpay/klnaejjgbibmhlephnhpmaofohgkpgkd,,github.com/zilpay/zil-pay
hkpciegbnpmpbpodnloafnoinjpbmakp, https://chromewebstore.google.com/detail/buzz-phone-for-google-chr/hkpciegbnpmpbpodnloafnoinjpbmakp,,github.com/grahambrown11/buzz-star/wiki
higemadklcnjhjpgcbnnbpgeeippjjcp, https://chromewebstore.google.com/detail/send-page/higemadklcnjhjpgcbnnbpgeeippjjcp,,github.com/stadler/SendPage
feolajpinjjfikmmeknkdjbllbppojij, https://chromewebstore.google.com/detail/encryptor/feolajpinjjfikmmeknkdjbllbppojij,,github.com/4thtech/static-assets/raw/main/pdf/licence.pdf
opnebfbgbhbndpmaeoiohhjnbjjbejlm, https://chromewebstore.google.com/detail/woke-respect/opnebfbgbhbndpmaeoiohhjnbjjbejlm,,github.com/Brianfit/woke-respect
fiobiagmnhhaeoeejglkimpgdkpdjobb, https://chromewebstore.google.com/detail/emailgenius%E2%80%94chatgpt-for-g/fiobiagmnhhaeoeejglkimpgdkpdjobb,,github.com/morninj/EmailGenius
npegohlaijfkhcjahlgddhanhimeoibn, https://chromewebstore.google.com/detail/%E5%BE%AE%E5%8D%9A%E6%89%A9%E5%B1%95/npegohlaijfkhcjahlgddhanhimeoibn,,github.com/loo-y/weibo-extend
