jpcmhcelnjdmblfmjabdeclccemkghjk, https://chromewebstore.google.com/detail/view-image/jpcmhcelnjdmblfmjabdeclccemkghjk,,github.com/bijij/ViewImage
gjoijpfmdhbjkkgnmahganhoinjjpohk, https://chromewebstore.google.com/detail/screenshot-youtube/gjoijpfmdhbjkkgnmahganhoinjjpohk,,github.com/FutureMillennium/Screenshot-YouTube
oejgccbfbmkkpaidnkphaiaecficdnfn, https://chromewebstore.google.com/detail/toggl-track-productivity/oejgccbfbmkkpaidnkphaiaecficdnfn,,github.com/toggl/toggl-button
lfpjkncokllnfokkgpkobnkbkmelfefj, https://chromewebstore.google.com/detail/linkclump/lfpjkncokllnfokkgpkobnkbkmelfefj,,github.com/benblack86/linkclump.
jpbjcnkcffbooppibceonlgknpkniiff, https://chromewebstore.google.com/detail/global-speed/jpbjcnkcffbooppibceonlgknpkniiff,,github.com/polywock/globalSpeed
fnplhdldnhaodknidfddmkfdhlhjihpd, https://chromewebstore.google.com/detail/scientific-calculator/fnplhdldnhaodknidfddmkfdhlhjihpd,,github.com/raad-altaie/scientific-calculator).
didegimhafipceonhjepacocaffmoppf, https://chromewebstore.google.com/detail/passbolt-open-source-pass/didegimhafipceonhjepacocaffmoppf,,github.com/passbolt
emikbbbebcdfohonlaifafnoanocnebl, https://chromewebstore.google.com/detail/minerblock/emikbbbebcdfohonlaifafnoanocnebl,,github.com/xd4rker/MinerBlock
kbbdabhdfibnancpjfhlkhafgdilcnji, https://chromewebstore.google.com/detail/screenity-screen-recorder/kbbdabhdfibnancpjfhlkhafgdilcnji,,github.com/alyssaxuu/screenity
bbiclfnbhommljbjcoelobnnnibemabl, https://chromewebstore.google.com/detail/showpassword/bbiclfnbhommljbjcoelobnnnibemabl,,github.com/a161803398/ShowPassword
logpjaacgmcbpdkdchjiaagddngobkck, https://chromewebstore.google.com/detail/shortkeys-custom-keyboard/logpjaacgmcbpdkdchjiaagddngobkck,,github.com/mikecrittenden/shortkeys/wiki/How-To-Use-Shortkeys
bocbaocobfecmglnmeaeppambideimao, https://chromewebstore.google.com/detail/edge-translate/bocbaocobfecmglnmeaeppambideimao,,github.com/crimx)'s
pbcodcjpfjdpcineamnnmbkkmkdpajjg, https://chromewebstore.google.com/detail/link-to-text-fragment/pbcodcjpfjdpcineamnnmbkkmkdpajjg,,github.com/GoogleChromeLabs/link-to-text-fragment)
eciepnnimnjaojlkcpdpcgbfkpcagahd, https://chromewebstore.google.com/detail/notion-boost/eciepnnimnjaojlkcpdpcgbfkpcagahd,,github.com/GorvGoyl/Notion-Boost-browser-extension/issues
pcmpcfapbekmbjjkdalcgopdkipoggdi, https://chromewebstore.google.com/detail/markdownload-markdown-web/pcmpcfapbekmbjjkdalcgopdkipoggdi,,github.com/sponsors/deathau
oojndninaelbpllebamcojkdecjjhcle, https://chromewebstore.google.com/detail/chatgpt-to-notion/oojndninaelbpllebamcojkdecjjhcle,,github.com/L-a-r-t/chatgpt-to-notion
ekfnbpgmmeahnnlpjibofkobpdkifapn, https://chromewebstore.google.com/detail/prokeys/ekfnbpgmmeahnnlpjibofkobpdkifapn,,github.com/GaurangTandon/ProKeys
kemfccojgjoilhfmcblgimbggikekjip, https://chromewebstore.google.com/detail/turbo-download-manager-cl/kemfccojgjoilhfmcblgimbggikekjip,,github.com/inbasic/turbo-download-manager/issues
lmhdkkhepllpnondndgpgclfjnlofgjl, https://chromewebstore.google.com/detail/toolkit-for-ynab/lmhdkkhepllpnondndgpgclfjnlofgjl,,github.com/toolkit-for-ynab/toolkit-for-ynab/blob/master/docs/feature-list.md
dndehlekllfkaijdlokmmicgnlanfjbi, https://chromewebstore.google.com/detail/ultrawidify/dndehlekllfkaijdlokmmicgnlanfjbi,,github.com/tamius-han/ultrawidify/issues/117
kgnfciolbjojfdbbelbdbhhocjmhenep, https://chromewebstore.google.com/detail/bulk-url-opener/kgnfciolbjojfdbbelbdbhhocjmhenep,,github.com/EuanRiggans/BulkURLOpener)
djbaolpiihkcmmfjnjdmomeeheldhhdp, https://chromewebstore.google.com/detail/off-the-record-history/djbaolpiihkcmmfjnjdmomeeheldhhdp,,github.com/dutiyesh/off-the-record-history/blob/master/GUIDE.md#guide
dlnpfhfhmkiebpnlllpehlmklgdggbhn, https://chromewebstore.google.com/detail/dont-close-window-with-la/dlnpfhfhmkiebpnlllpehlmklgdggbhn,,github.com/moneytoo/DontCloseWindowWithLastTab
dnkdpcbijfnmekbkchfjapfneigjomhh, https://chromewebstore.google.com/detail/auto-highlight/dnkdpcbijfnmekbkchfjapfneigjomhh,,github.com/dstein64/highlight
hpcgabhdlnapolkkjpejieegfpehfdok, https://chromewebstore.google.com/detail/media-harvest-twitter-med/hpcgabhdlnapolkkjpejieegfpehfdok,,github.com/EltonChou/TwitterMediaHarvest/blob/main/CHANGELOG.md
oicakdoenlelpjnkoljnaakdofplkgnd, https://chromewebstore.google.com/detail/tree-style-tab/oicakdoenlelpjnkoljnaakdofplkgnd,,github.com/xingtanzjr/Tree-Style-Tab
gioogehddfnceeihfoeencjbhggblkkd, https://chromewebstore.google.com/detail/attendance-for-google-mee/gioogehddfnceeihfoeencjbhggblkkd,,github.com/tytot/attendance-for-google-meet#attendance-for-google-meet).
fkemipdcgbeknabedhecepcebhlnlhbf, https://chromewebstore.google.com/detail/quick-bookmarks-menu/fkemipdcgbeknabedhecepcebhlnlhbf,,github.com/yuhaofe/Quick-Bookmarks-Menu
mapjgeachilmcbbokkgcbgpbakaaeehi, https://chromewebstore.google.com/detail/omni-bookmark-history-tab/mapjgeachilmcbbokkgcbgpbakaaeehi,,github.com/alyssaxuu/omni
lddjgfpjnifpeondafidennlcfagekbp, https://chromewebstore.google.com/detail/downloads-overwrite-alrea/lddjgfpjnifpeondafidennlcfagekbp,,github.com/zach-adams/downloads-overwrite-already-existing-files
jdbgjlehkajddoapdgpdjmlpdalfnenf, https://chromewebstore.google.com/detail/visual-bookmarks/jdbgjlehkajddoapdgpdjmlpdalfnenf,,github.com/k-ivan/visual-bookmarks-chrome/discussions
aalmjfpohaedoddkobnibokclgeefamn, https://chromewebstore.google.com/detail/gumbo-twitch-companion/aalmjfpohaedoddkobnibokclgeefamn,,github.com/seldszar/gumbo
fbkmgnkliklgbmanjkmiihkdioepnkce, https://chromewebstore.google.com/detail/prayer-times-chrome-exten/fbkmgnkliklgbmanjkmiihkdioepnkce,,github.com/smartazanclock/ptx
flkokionhgagpmnhlngldhbfnblmenen, https://chromewebstore.google.com/detail/twitter-bookmarks-search/flkokionhgagpmnhlngldhbfnblmenen,,github.com/flybayer/twitter-bookmarks-search
kcfmkpjpemonceecfpgamaahlkfpjhdk, https://chromewebstore.google.com/detail/google-keep-full-screen-e/kcfmkpjpemonceecfpgamaahlkfpjhdk,,github.com/chrisputnam9/chrome-google-keep-full-screen
fhpgggnmdlmekfdpkdgeiccfkignhkdf, https://chromewebstore.google.com/detail/yinote/fhpgggnmdlmekfdpkdgeiccfkignhkdf,,github.com/byteyilabs/yi-note/blob/master/CHANGELOG.md
njbclohenpagagafbmdipcdoogfpnfhp, https://chromewebstore.google.com/detail/ethereum-gas-prices/njbclohenpagagafbmdipcdoogfpnfhp,,github.com/philippe-git/ethereum-gas-prices-browser-extension
bjojfeillmmoeadgobbcknkgdkngbcdb, https://chromewebstore.google.com/detail/trocker/bjojfeillmmoeadgobbcknkgdkngbcdb,,github.com/trockerapp/trocker/issues).
ohbkdjmhoegleofcohdjagmcnkimfdaa, https://chromewebstore.google.com/detail/time-tracker-by-timecamp/ohbkdjmhoegleofcohdjagmcnkimfdaa,,github.com/timecamp
iaanigfbldakklgdfcnbjonbehpbpecl, https://chromewebstore.google.com/detail/habitica-pomodoro-sitekee/iaanigfbldakklgdfcnbjonbehpbpecl,,github.com/ofekmiz/Habitica-Pomodoro-SiteKeeper/issues
lmppdpldfpfdlipofacekcfleacbbncp, https://chromewebstore.google.com/detail/jump-cutter/lmppdpldfpfdlipofacekcfleacbbncp,,github.com/WofWca/jumpcutter
hipgmnlpnimedfepbfbfiaobohhffcfc, https://chromewebstore.google.com/detail/notion+-mark-manager/hipgmnlpnimedfepbfbfiaobohhffcfc,,github.com/yeefun/notion-mark-manager)
abmmcineiaonblhmehimkeneglmcofge, https://chromewebstore.google.com/detail/calendar-clock/abmmcineiaonblhmehimkeneglmcofge,,github.com/kaydensigh/chromecalclock
gomhfpbcjfidhpffhecghfdieincgncc, https://chromewebstore.google.com/detail/bionify-read-faster/gomhfpbcjfidhpffhecghfdieincgncc,,github.com/Cveinnt/bionify.
foachceonkmkeiigdbkjcihnaabppicf, https://chromewebstore.google.com/detail/webmapper/foachceonkmkeiigdbkjcihnaabppicf,,github.com/rhamerly/webmapper/wiki
mnjmegebbljjhpljjfjmkhgmokpmdbpo, https://chromewebstore.google.com/detail/dark-new-tab/mnjmegebbljjhpljjfjmkhgmokpmdbpo,,github.com/dandydanny/darknewtab
ldlghkoiihaelfnggonhjnfiabmaficg, https://chromewebstore.google.com/detail/quickey-%E2%80%93-the-quick-tab-s/ldlghkoiihaelfnggonhjnfiabmaficg,,github.com/fwextensions/QuicKey
icfnljfpacimpcbpammmbclmhenimhfc, https://chromewebstore.google.com/detail/sctranslator/icfnljfpacimpcbpammmbclmhenimhfc,,github.com/chunibyocola/sc-translator-crx/discussions/19
kihikabndlcbnpbgjapkhlonoddholga, https://chromewebstore.google.com/detail/image-to-text-for-chatgpt/kihikabndlcbnpbgjapkhlonoddholga,,github.com/Tshetrim/Image-To-Text-OCR-extension-for-ChatGPT
pbgojokkgbikdofpgphemhldcbaejfog, https://chromewebstore.google.com/detail/youtube-channel-whitelist/pbgojokkgbikdofpgphemhldcbaejfog,,github.com/x0a/uBO-YouTube
cdhdichomdnlaadbndgmagohccgpejae, https://chromewebstore.google.com/detail/rys-%E2%80%94-remove-youtube-sugg/cdhdichomdnlaadbndgmagohccgpejae,,github.com/lawrencehook/remove-youtube-suggestions
