mpbjkejclgfgadiemmefgebjfooflfhl, https://chromewebstore.google.com/detail/buster-captcha-solver-for/mpbjkejclgfgadiemmefgebjfooflfhl,,https://chromewebstore.google.com/detail/buster-captcha-solver-for/mpbjkejclgfgadiemmefgebjfooflfhl
jjicbefpemnphinccgikpdaagjebbnhg, https://chromewebstore.google.com/detail/csfloat-market-checker/jjicbefpemnphinccgikpdaagjebbnhg,,https://chromewebstore.google.com/detail/csfloat-market-checker/jjicbefpemnphinccgikpdaagjebbnhg
cndibmoanboadcifjkjbdpjgfedanolh, https://chromewebstore.google.com/detail/better-canvas/cndibmoanboadcifjkjbdpjgfedanolh,,https://chromewebstore.google.com/detail/better-canvas/cndibmoanboadcifjkjbdpjgfedanolh
bnomihfieiccainjcjblhegjgglakjdd, https://chromewebstore.google.com/detail/improve-youtube-%F0%9F%8E%A7-for-yo/bnomihfieiccainjcjblhegjgglakjdd,,https://chromewebstore.google.com/detail/improve-youtube-%F0%9F%8E%A7-for-yo/bnomihfieiccainjcjblhegjgglakjdd
cnojnbdhbhnkbcieeekonklommdnndci, https://chromewebstore.google.com/detail/search-by-image/cnojnbdhbhnkbcieeekonklommdnndci,,https://chromewebstore.google.com/detail/search-by-image/cnojnbdhbhnkbcieeekonklommdnndci
kdmnjgijlmjgmimahnillepgcgeemffb, https://chromewebstore.google.com/detail/pockettube-youtube-subscr/kdmnjgijlmjgmimahnillepgcgeemffb,,https://chromewebstore.google.com/detail/pockettube-youtube-subscr/kdmnjgijlmjgmimahnillepgcgeemffb
ckkdlimhmcjmikdlpkmbgfkaikojcbjk, https://chromewebstore.google.com/detail/markdown-viewer/ckkdlimhmcjmikdlpkmbgfkaikojcbjk,,https://chromewebstore.google.com/detail/markdown-viewer/ckkdlimhmcjmikdlpkmbgfkaikojcbjk
ecbnojockcgfohpopbphhgefkfbigcej, https://chromewebstore.google.com/detail/flash-player-emulator-202/ecbnojockcgfohpopbphhgefkfbigcej,,https://chromewebstore.google.com/detail/flash-player-emulator-202/ecbnojockcgfohpopbphhgefkfbigcej
pncfbmialoiaghdehhbnbhkkgmjanfhe, https://chromewebstore.google.com/detail/ublacklist/pncfbmialoiaghdehhbnbhkkgmjanfhe,,https://chromewebstore.google.com/detail/ublacklist/pncfbmialoiaghdehhbnbhkkgmjanfhe
fbeffbjdlemaoicjdapfpikkikjoneco, https://chromewebstore.google.com/detail/scratch-addons/fbeffbjdlemaoicjdapfpikkikjoneco,,https://chromewebstore.google.com/detail/scratch-addons/fbeffbjdlemaoicjdapfpikkikjoneco
bpnedgjmphmmdgecmklcopblfcbhpefm, https://chromewebstore.google.com/detail/djvujs-viewer/bpnedgjmphmmdgecmklcopblfcbhpefm,,https://chromewebstore.google.com/detail/djvujs-viewer/bpnedgjmphmmdgecmklcopblfcbhpefm
hceobhjokpdbogjkplmfjeomkeckkngi, https://chromewebstore.google.com/detail/new-bing-anywhere-bing-ch/hceobhjokpdbogjkplmfjeomkeckkngi,,https://chromewebstore.google.com/detail/new-bing-anywhere-bing-ch/hceobhjokpdbogjkplmfjeomkeckkngi
lhhohkfofnfbnildpdhhjeeenapeceei, https://chromewebstore.google.com/detail/audd%C2%AE-music-recognition/lhhohkfofnfbnildpdhhjeeenapeceei,,https://chromewebstore.google.com/detail/audd%C2%AE-music-recognition/lhhohkfofnfbnildpdhhjeeenapeceei
akknpgblpchaoebdoiojonnahhnfgnem, https://chromewebstore.google.com/detail/browser-boost-extra-tools/akknpgblpchaoebdoiojonnahhnfgnem,,https://chromewebstore.google.com/detail/browser-boost-extra-tools/akknpgblpchaoebdoiojonnahhnfgnem
gaafhpdcjnlehapjdngfoonljgeodffm, https://chromewebstore.google.com/detail/ultimate-h1b-sponsor-chec/gaafhpdcjnlehapjdngfoonljgeodffm,,https://chromewebstore.google.com/detail/ultimate-h1b-sponsor-chec/gaafhpdcjnlehapjdngfoonljgeodffm
hkligngkgcpcolhcnkgccglchdafcnao, https://chromewebstore.google.com/detail/web-archives/hkligngkgcpcolhcnkgccglchdafcnao,,https://chromewebstore.google.com/detail/web-archives/hkligngkgcpcolhcnkgccglchdafcnao
hifcahjlgbmhppcoppikpcceognjcjjp, https://chromewebstore.google.com/detail/discord-token-login/hifcahjlgbmhppcoppikpcceognjcjjp,,https://chromewebstore.google.com/detail/discord-token-login/hifcahjlgbmhppcoppikpcceognjcjjp
nghlhmhjdlbcgnmjffpeialapbcnajig, https://chromewebstore.google.com/detail/youtube-tc-autotrans-corr/nghlhmhjdlbcgnmjffpeialapbcnajig,,https://chromewebstore.google.com/detail/youtube-tc-autotrans-corr/nghlhmhjdlbcgnmjffpeialapbcnajig
gfhnhcbpnnnlefhobdnmhenofhfnnfhi, https://chromewebstore.google.com/detail/ezproxy-redirect/gfhnhcbpnnnlefhobdnmhenofhfnnfhi,,https://chromewebstore.google.com/detail/ezproxy-redirect/gfhnhcbpnnnlefhobdnmhenofhfnnfhi
opmeopcambhfimffbomjgemehjkbbmji, https://chromewebstore.google.com/detail/videoplayer-mpdm3u8m3uepg/opmeopcambhfimffbomjgemehjkbbmji,,https://chromewebstore.google.com/detail/videoplayer-mpdm3u8m3uepg/opmeopcambhfimffbomjgemehjkbbmji
lbhlhhckfpdpafckdiklcbamkmogjdjc, https://chromewebstore.google.com/detail/google-sheets-tabs-on-top/lbhlhhckfpdpafckdiklcbamkmogjdjc,,https://chromewebstore.google.com/detail/google-sheets-tabs-on-top/lbhlhhckfpdpafckdiklcbamkmogjdjc
cejijldbedfmdehondfmoadlkhgjcmkd, https://chromewebstore.google.com/detail/sheets-row-highlighter/cejijldbedfmdehondfmoadlkhgjcmkd,,https://chromewebstore.google.com/detail/sheets-row-highlighter/cejijldbedfmdehondfmoadlkhgjcmkd
bplnofkhjdphoihfkfcddikgmecfehdd, https://chromewebstore.google.com/detail/pockettube-youtube-playli/bplnofkhjdphoihfkfcddikgmecfehdd,,https://chromewebstore.google.com/detail/pockettube-youtube-playli/bplnofkhjdphoihfkfcddikgmecfehdd
omjdheidbhoghpfdnndkgoelfiogjfla, https://chromewebstore.google.com/detail/page-notes/omjdheidbhoghpfdnndkgoelfiogjfla,,https://chromewebstore.google.com/detail/page-notes/omjdheidbhoghpfdnndkgoelfiogjfla
cngoemokfjekjkmajenlaokhnmmiinca, https://chromewebstore.google.com/detail/wikigg-redirect/cngoemokfjekjkmajenlaokhnmmiinca,,https://chromewebstore.google.com/detail/wikigg-redirect/cngoemokfjekjkmajenlaokhnmmiinca
gilmponliddppjjcfjmanmmfgiilikhg, https://chromewebstore.google.com/detail/shorts-deflector/gilmponliddppjjcfjmanmmfgiilikhg,,https://chromewebstore.google.com/detail/shorts-deflector/gilmponliddppjjcfjmanmmfgiilikhg
goanbaknlbojfglcepjnankoobfakbpg, https://chromewebstore.google.com/detail/doi-resolver/goanbaknlbojfglcepjnankoobfakbpg,,https://chromewebstore.google.com/detail/doi-resolver/goanbaknlbojfglcepjnankoobfakbpg
ioebblnijghcghflgjlgbhjbdgkofcjp, https://chromewebstore.google.com/detail/blend-run-enable-copy-and/ioebblnijghcghflgjlgbhjbdgkofcjp,,https://chromewebstore.google.com/detail/blend-run-enable-copy-and/ioebblnijghcghflgjlgbhjbdgkofcjp
kpnejlajlhnpfphbhgfipmlogplmidin, https://chromewebstore.google.com/detail/chatgpt-microphone/kpnejlajlhnpfphbhgfipmlogplmidin,,https://chromewebstore.google.com/detail/chatgpt-microphone/kpnejlajlhnpfphbhgfipmlogplmidin
dejblhmebonldngnmeidliaifgiagcjj, https://chromewebstore.google.com/detail/quick-find-for-google-chr/dejblhmebonldngnmeidliaifgiagcjj,,https://chromewebstore.google.com/detail/quick-find-for-google-chr/dejblhmebonldngnmeidliaifgiagcjj
cdgbjhkjjghbjjikgjkkpljlmnpcakco, https://chromewebstore.google.com/detail/reverse-image-search/cdgbjhkjjghbjjikgjkkpljlmnpcakco,,https://chromewebstore.google.com/detail/reverse-image-search/cdgbjhkjjghbjjikgjkkpljlmnpcakco
mpkpmgnjhejeodcbfaphaenpkkjdfbgo, https://chromewebstore.google.com/detail/ip-whois/mpkpmgnjhejeodcbfaphaenpkkjdfbgo,,https://chromewebstore.google.com/detail/ip-whois/mpkpmgnjhejeodcbfaphaenpkkjdfbgo
gnpcmjhhhobmpeeekcfmficdfgnmncim, https://chromewebstore.google.com/detail/jadeshipcom-extension/gnpcmjhhhobmpeeekcfmficdfgnmncim,,https://chromewebstore.google.com/detail/jadeshipcom-extension/gnpcmjhhhobmpeeekcfmficdfgnmncim
ikbcccnfbfobgioefgaodgmnnnbjbbfn, https://chromewebstore.google.com/detail/google-enhancer/ikbcccnfbfobgioefgaodgmnnnbjbbfn,,https://chromewebstore.google.com/detail/google-enhancer/ikbcccnfbfobgioefgaodgmnnnbjbbfn
nbnfkhblcofmmbeamohjmmjfmfmhknpj, https://chromewebstore.google.com/detail/cursorlux-mouse-highlight/nbnfkhblcofmmbeamohjmmjfmfmhknpj,,https://chromewebstore.google.com/detail/cursorlux-mouse-highlight/nbnfkhblcofmmbeamohjmmjfmfmhknpj
jgibaoklabopileepldnlkbbcibhbgmd, https://chromewebstore.google.com/detail/youtube-transcript/jgibaoklabopileepldnlkbbcibhbgmd,,https://chromewebstore.google.com/detail/youtube-transcript/jgibaoklabopileepldnlkbbcibhbgmd
agkeoekbbkpokfbpmmminnombikadbhb, https://chromewebstore.google.com/detail/paperslabmlai/agkeoekbbkpokfbpmmminnombikadbhb,,https://chromewebstore.google.com/detail/paperslabmlai/agkeoekbbkpokfbpmmminnombikadbhb
hgepmblbgodbilmfdjkalkgofdcipkhh, https://chromewebstore.google.com/detail/searchjumper/hgepmblbgodbilmfdjkalkgofdcipkhh,,https://chromewebstore.google.com/detail/searchjumper/hgepmblbgodbilmfdjkalkgofdcipkhh
gfmeadbjkfhkeklgaomifcaihbhpeido, https://chromewebstore.google.com/detail/hotkeys-for-search/gfmeadbjkfhkeklgaomifcaihbhpeido,,https://chromewebstore.google.com/detail/hotkeys-for-search/gfmeadbjkfhkeklgaomifcaihbhpeido
dkfbnlclahcmcgehpancgfhogmilankf, https://chromewebstore.google.com/detail/ctrl-f-plus-ctrl-+-f-sear/dkfbnlclahcmcgehpancgfhogmilankf,,https://chromewebstore.google.com/detail/ctrl-f-plus-ctrl-+-f-sear/dkfbnlclahcmcgehpancgfhogmilankf
dnfohmfimbkmondbppcnkgjlnfnbppok, https://chromewebstore.google.com/detail/auto-tab-mute/dnfohmfimbkmondbppcnkgjlnfnbppok,,https://chromewebstore.google.com/detail/auto-tab-mute/dnfohmfimbkmondbppcnkgjlnfnbppok
cofpegcepiccpobikjoddpmmocficdjj, https://chromewebstore.google.com/detail/search-bookmarks-history/cofpegcepiccpobikjoddpmmocficdjj,,https://chromewebstore.google.com/detail/search-bookmarks-history/cofpegcepiccpobikjoddpmmocficdjj
idpfgkgogjjgklefnkjdpghkifbjenap, https://chromewebstore.google.com/detail/dscan-own-your-identity-o/idpfgkgogjjgklefnkjdpghkifbjenap,,https://chromewebstore.google.com/detail/dscan-own-your-identity-o/idpfgkgogjjgklefnkjdpghkifbjenap
dlmmgckeognpojabkkcablldnlfnfgpo, https://chromewebstore.google.com/detail/my-dictionary/dlmmgckeognpojabkkcablldnlfnfgpo,,https://chromewebstore.google.com/detail/my-dictionary/dlmmgckeognpojabkkcablldnlfnfgpo
ojcnjeigmgjaiolalpapfnmmhdmpjhfb, https://chromewebstore.google.com/detail/big-search/ojcnjeigmgjaiolalpapfnmmhdmpjhfb,,https://chromewebstore.google.com/detail/big-search/ojcnjeigmgjaiolalpapfnmmhdmpjhfb
lijbnhoniejpjjgemoifpjklobhakinb, https://chromewebstore.google.com/detail/mark-my-search/lijbnhoniejpjjgemoifpjklobhakinb,,https://chromewebstore.google.com/detail/mark-my-search/lijbnhoniejpjjgemoifpjklobhakinb
pcmffklbilmgckfkbncpoffmicdpfkmm, https://chromewebstore.google.com/detail/overleaf-copilot/pcmffklbilmgckfkbncpoffmicdpfkmm,,https://chromewebstore.google.com/detail/overleaf-copilot/pcmffklbilmgckfkbncpoffmicdpfkmm
dinfdkpilnidebademfldlbpbjkemkod, https://chromewebstore.google.com/detail/reddit-search-on-google/dinfdkpilnidebademfldlbpbjkemkod,,https://chromewebstore.google.com/detail/reddit-search-on-google/dinfdkpilnidebademfldlbpbjkemkod
pmihaiejckejbpjdnildimfkpcpnohlo, https://chromewebstore.google.com/detail/regex/pmihaiejckejbpjdnildimfkpcpnohlo,,https://chromewebstore.google.com/detail/regex/pmihaiejckejbpjdnildimfkpcpnohlo
jokoalpdfppeolhnfljmfecbifcfadhh, https://chromewebstore.google.com/detail/bookmark-history-manager/jokoalpdfppeolhnfljmfecbifcfadhh,,https://chromewebstore.google.com/detail/bookmark-history-manager/jokoalpdfppeolhnfljmfecbifcfadhh
kbgaobbeoemfoohblgglgagdgjjnppce, https://chromewebstore.google.com/detail/simple-subscription-manag/kbgaobbeoemfoohblgglgagdgjjnppce,,https://chromewebstore.google.com/detail/simple-subscription-manag/kbgaobbeoemfoohblgglgagdgjjnppce
